"種類","価格情報区分","市区町村コード","都道府県名","市区町村名","地区名","最寄駅：名称","最寄駅：距離（分）","取引価格（総額）","間取り","面積（㎡）","建築年","建物の構造","用途","今後の利用目的","都市計画","建ぺい率（％）","容積率（％）","取引時期","改装","取引の事情等"
"中古マンション等","成約価格情報","13108","東京都","江東区","大島","東大島",3,24000000,"１Ｒ",55,"1982年","ＳＲＣ","","","準工業","","","2021年第1四半期","",""
"中古マンション等","成約価格情報","13108","東京都","江東区","大島","東大島",9,20000000,"３ＤＫ",65,"1976年","","","","準工業","","","2021年第1四半期","",""
"中古マンション等","成約価格情報","13108","東京都","江東区","大島","東大島",5,29000000,"２ＬＤＫ",75,"1981年","ＳＲＣ","","","準工業","","","2021年第1四半期","",""
"中古マンション等","成約価格情報","13108","東京都","江東区","大島","東大島",8,46000000,"２ＬＤＫ＋Ｓ",75,"2008年","ＲＣ","","","準工業","","","2021年第1四半期","",""
"中古マンション等","成約価格情報","13108","東京都","江東区","大島","東大島",8,46000000,"３ＬＤＫ",80,"2001年","ＲＣ","","","準工業","","","2021年第1四半期","",""
"中古マンション等","成約価格情報","13108","東京都","江東区","大島","東大島",8,38000000,"３ＬＤＫ",75,"2001年","ＳＲＣ","","","準工業","","","2021年第1四半期","",""
"中古マンション等","成約価格情報","13108","東京都","江東区","大島","東大島",7,28000000,"３ＬＤＫ",70,"1980年","ＲＣ","","","準工業","","","2021年第1四半期","",""
"中古マンション等","成約価格情報","13108","東京都","江東区","亀戸","東大島",8,54000000,"４ＬＤＫ",85,"2009年","ＲＣ","","","準工業","","","2021年第1四半期","",""
"中古マンション等","成約価格情報","13108","東京都","江東区","亀戸","東大島",11,43000000,"３ＬＤＫ",75,"1980年","ＳＲＣ","","","商業","","","2021年第1四半期","",""
"中古マンション等","成約価格情報","13108","東京都","江東区","亀戸","東大島",12,26000000,"２ＤＫ",45,"1985年","ＳＲＣ","","","","","","2021年第1四半期","改装済み",""
"中古マンション等","成約価格情報","13108","東京都","江東区","亀戸","東大島",8,44000000,"３ＬＤＫ",75,"2009年","ＲＣ","","","準工業","","","2021年第1四半期","",""
"中古マンション等","成約価格情報","13108","東京都","江東区","大島","東大島",10,22000000,"３ＤＫ",55,"1980年","ＲＣ","","","準工業","","","2021年第2四半期","",""
"中古マンション等","成約価格情報","13108","東京都","江東区","大島","東大島",2,33000000,"３ＬＤＫ",65,"1982年","ＳＲＣ","","","","","","2021年第2四半期","",""
"中古マンション等","成約価格情報","13108","東京都","江東区","大島","東大島",5,9500000,"１Ｒ",25,"1981年","ＲＣ","","","","","","2021年第2四半期","",""
"中古マンション等","成約価格情報","13108","東京都","江東区","大島","東大島",5,30000000,"４ＤＫ",75,"1981年","ＳＲＣ","","","準工業","","","2021年第2四半期","",""
"中古マンション等","成約価格情報","13108","東京都","江東区","亀戸","東大島",7,39000000,"２ＬＤＫ",75,"2003年","ＳＲＣ","","","準工業","","","2021年第2四半期","",""
"中古マンション等","成約価格情報","13108","東京都","江東区","亀戸","東大島",7,44000000,"３ＬＤＫ",90,"2003年","ＳＲＣ","","","準工業","","","2021年第2四半期","",""
"中古マンション等","成約価格情報","13108","東京都","江東区","亀戸","東大島",8,56000000,"４ＬＤＫ",95,"2009年","ＲＣ","","","準工業","","","2021年第2四半期","",""
"中古マンション等","成約価格情報","13108","東京都","江東区","大島","東大島",7,41000000,"３ＬＤＫ",75,"2000年","ＳＲＣ","","","準工業","","","2021年第3四半期","",""
"中古マンション等","成約価格情報","13108","東京都","江東区","大島","東大島",2,31000000,"２ＬＤＫ",65,"1982年","ＳＲＣ","","","準工業","","","2021年第3四半期","",""
"中古マンション等","成約価格情報","13108","東京都","江東区","亀戸","東大島",8,45000000,"３ＬＤＫ",75,"2009年","ＲＣ","","","準工業","","","2021年第3四半期","",""
"中古マンション等","成約価格情報","13108","東京都","江東区","亀戸","東大島",9,58000000,"４ＬＤＫ",90,"2009年","ＲＣ","","","準工業","","","2021年第3四半期","",""
"中古マンション等","成約価格情報","13108","東京都","江東区","亀戸","東大島",11,37000000,"２ＬＤＫ＋Ｓ",70,"2001年","ＳＲＣ","","","準住居","","","2021年第3四半期","",""
"中古マンション等","成約価格情報","13108","東京都","江東区","大島","東大島",8,38000000,"３ＬＤＫ",65,"2001年","ＲＣ","","","","","","2021年第4四半期","",""
"中古マンション等","成約価格情報","13108","東京都","江東区","大島","東大島",5,36000000,"３ＬＤＫ",75,"1981年","ＳＲＣ","","","準工業","","","2021年第4四半期","",""
"中古マンション等","成約価格情報","13108","東京都","江東区","大島","東大島",4,40000000,"３ＬＤＫ",75,"1981年","ＳＲＣ","","","準工業","","","2021年第4四半期","",""
"中古マンション等","成約価格情報","13108","東京都","江東区","大島","東大島",2,37000000,"２ＬＤＫ",60,"1989年","ＳＲＣ","","","１種住居","","","2021年第4四半期","",""
"中古マンション等","成約価格情報","13108","東京都","江東区","大島","東大島",5,31000000,"１ＬＤＫ＋Ｓ",75,"1981年","ＳＲＣ","","","準工業","","","2021年第4四半期","",""
"中古マンション等","成約価格情報","13108","東京都","江東区","大島","東大島",2,35000000,"３ＬＤＫ",75,"1989年","ＳＲＣ","","","１種住居","","","2021年第4四半期","",""
"中古マンション等","成約価格情報","13108","東京都","江東区","亀戸","東大島",9,49000000,"２ＬＤＫ＋Ｓ",80,"2005年","ＳＲＣ","","","１種住居","","","2021年第4四半期","",""
"中古マンション等","成約価格情報","13108","東京都","江東区","亀戸","東大島",9,59000000,"３ＬＤＫ",85,"2005年","ＲＣ","","","１種住居","","","2021年第4四半期","",""
"中古マンション等","成約価格情報","13108","東京都","江東区","亀戸","東大島",11,63000000,"４ＬＤＫ",115,"2001年","ＳＲＣ","","","準工業","","","2021年第4四半期","",""
"中古マンション等","成約価格情報","13108","東京都","江東区","東砂","東大島",15,30000000,"３ＬＤＫ",65,"2009年","ＲＣ","","","準工業","","","2021年第1四半期","",""
"中古マンション等","成約価格情報","13108","東京都","江東区","東砂","東大島",13,36000000,"３ＬＤＫ",70,"2009年","ＲＣ","","","準工業","","","2021年第1四半期","",""
"中古マンション等","成約価格情報","13108","東京都","江東区","東砂","東大島",9,38000000,"２ＬＤＫ",55,"2015年","ＲＣ","","","１種住居","","","2021年第1四半期","",""
"中古マンション等","成約価格情報","13108","東京都","江東区","東砂","東大島",13,40000000,"３ＬＤＫ",70,"2009年","ＲＣ","","","準工業","","","2021年第1四半期","",""
"中古マンション等","成約価格情報","13108","東京都","江東区","東砂","東大島",10,23000000,"２ＬＤＫ",50,"1982年","ＳＲＣ","","","","","","2021年第1四半期","",""
"中古マンション等","成約価格情報","13108","東京都","江東区","東砂","東大島",21,30000000,"３ＬＤＫ",70,"1999年","ＳＲＣ","","","準工業","","","2021年第1四半期","",""
"中古マンション等","成約価格情報","13108","東京都","江東区","東砂","東大島",10,31000000,"３ＬＤＫ",70,"1982年","ＳＲＣ","","","準工業","","","2021年第1四半期","",""
"中古マンション等","成約価格情報","13108","東京都","江東区","東砂","東大島",9,39000000,"３ＬＤＫ",85,"1987年","ＳＲＣ","","","準工業","","","2021年第2四半期","",""
"中古マンション等","成約価格情報","13108","東京都","江東区","東砂","東大島",15,24000000,"２ＬＤＫ",50,"2008年","ＲＣ","","","準工業","","","2021年第2四半期","",""
"中古マンション等","成約価格情報","13108","東京都","江東区","東砂","東大島",17,36000000,"３ＬＤＫ",70,"2006年","ＲＣ","","","準工業","","","2021年第2四半期","",""
"中古マンション等","成約価格情報","13108","東京都","江東区","東砂","東大島",15,20000000,"３ＬＤＫ",85,"1982年","ＳＲＣ","","","準工業","","","2021年第2四半期","",""
"中古マンション等","成約価格情報","13108","東京都","江東区","東砂","東大島",15,21000000,"３ＬＤＫ",85,"1982年","ＲＣ","","","準工業","","","2021年第2四半期","",""
"中古マンション等","成約価格情報","13108","東京都","江東区","東砂","東大島",20,31000000,"３ＬＤＫ＋Ｓ",80,"1999年","ＲＣ","","","準工業","","","2021年第2四半期","",""
"中古マンション等","成約価格情報","13108","東京都","江東区","東砂","東大島",15,29000000,"３ＬＤＫ",75,"1999年","ＳＲＣ","","","準工業","","","2021年第3四半期","",""
"中古マンション等","成約価格情報","13108","東京都","江東区","東砂","東大島",9,45000000,"３ＬＤＫ",65,"2015年","ＲＣ","","","１種住居","","","2021年第3四半期","",""
"中古マンション等","成約価格情報","13108","東京都","江東区","東砂","東大島",14,39000000,"３ＬＤＫ",90,"2003年","ＲＣ","","","準工業","","","2021年第4四半期","",""
"中古マンション等","成約価格情報","13108","東京都","江東区","東砂","東大島",17,32000000,"３ＬＤＫ",70,"1996年","ＳＲＣ","","","準工業","","","2021年第4四半期","",""
"中古マンション等","成約価格情報","13108","東京都","江東区","東砂","東大島",10,28000000,"３ＬＤＫ",65,"1982年","ＳＲＣ","","","準工業","","","2021年第4四半期","",""
"中古マンション等","成約価格情報","13108","東京都","江東区","東砂","東大島",9,29000000,"３ＤＫ",65,"1987年","ＳＲＣ","","","準工業","","","2021年第4四半期","",""
"中古マンション等","成約価格情報","13108","東京都","江東区","東砂","東大島",15,33000000,"３ＬＤＫ",70,"2009年","ＲＣ","","","準工業","","","2021年第4四半期","",""
"中古マンション等","成約価格情報","13108","東京都","江東区","大島","東大島",2,23000000,"１Ｋ",30,"2002年","ＲＣ","","","商業","","","2022年第1四半期","",""
"中古マンション等","成約価格情報","13108","東京都","江東区","亀戸","東大島",9,62000000,"３ＬＤＫ＋Ｓ",95,"2005年","ＳＲＣ","","","１種住居","","","2022年第1四半期","",""
"中古マンション等","成約価格情報","13108","東京都","江東区","亀戸","東大島",9,66000000,"４ＬＤＫ",100,"2005年","ＲＣ","","","１種住居","","","2022年第1四半期","",""
"中古マンション等","成約価格情報","13108","東京都","江東区","亀戸","東大島",10,42000000,"２ＬＤＫ",70,"2003年","ＲＣ","","","準工業","","","2022年第1四半期","",""
"中古マンション等","成約価格情報","13108","東京都","江東区","亀戸","東大島",10,46000000,"３ＬＤＫ",80,"2005年","ＲＣ","","","１種住居","","","2022年第1四半期","",""
"中古マンション等","成約価格情報","13108","東京都","江東区","亀戸","東大島",8,49000000,"３ＬＤＫ",75,"2009年","ＲＣ","","","準工業","","","2022年第1四半期","",""
"中古マンション等","成約価格情報","13108","東京都","江東区","大島","東大島",2,41000000,"１ＬＤＫ＋Ｓ",70,"1986年","ＳＲＣ","","","１種住居","","","2022年第2四半期","",""
"中古マンション等","成約価格情報","13108","東京都","江東区","大島","東大島",5,36000000,"３ＬＤＫ",75,"1981年","ＳＲＣ","","","準工業","","","2022年第2四半期","",""
"中古マンション等","成約価格情報","13108","東京都","江東区","大島","東大島",8,39000000,"３ＬＤＫ",65,"2001年","ＳＲＣ","","","準工業","","","2022年第2四半期","",""
"中古マンション等","成約価格情報","13108","東京都","江東区","大島","東大島",2,36000000,"１ＬＤＫ＋Ｓ",65,"1981年","ＳＲＣ","","","商業","","","2022年第2四半期","",""
"中古マンション等","成約価格情報","13108","東京都","江東区","大島","東大島",8,49000000,"２ＬＤＫ＋Ｓ",80,"2008年","ＲＣ","","","準工業","","","2022年第2四半期","",""
"中古マンション等","成約価格情報","13108","東京都","江東区","大島","東大島",2,23000000,"１Ｒ",30,"2002年","ＲＣ","","","準工業","","","2022年第2四半期","",""
"中古マンション等","成約価格情報","13108","東京都","江東区","大島","東大島",2,43000000,"４ＬＤＫ",90,"1989年","ＲＣ","","","１種住居","","","2022年第3四半期","",""
"中古マンション等","成約価格情報","13108","東京都","江東区","大島","東大島",8,50000000,"３ＬＤＫ",70,"2001年","ＳＲＣ","","","準工業","","","2022年第3四半期","",""
"中古マンション等","成約価格情報","13108","東京都","江東区","大島","東大島",8,47000000,"３ＬＤＫ",75,"2001年","ＳＲＣ","","","準工業","","","2022年第3四半期","",""
"中古マンション等","成約価格情報","13108","東京都","江東区","大島","東大島",5,11000000,"１ＤＫ",25,"1981年","ＳＲＣ","","","準工業","","","2022年第3四半期","",""
"中古マンション等","成約価格情報","13108","東京都","江東区","大島","東大島",5,11000000,"１ＤＫ",25,"1981年","ＳＲＣ","","","","","","2022年第3四半期","",""
"中古マンション等","成約価格情報","13108","東京都","江東区","亀戸","東大島",11,53000000,"３ＬＤＫ",95,"1999年","ＳＲＣ","","","１種住居","","","2022年第3四半期","",""
"中古マンション等","成約価格情報","13108","東京都","江東区","亀戸","東大島",10,43000000,"３ＬＤＫ",65,"2008年","ＲＣ","","","準工業","","","2022年第3四半期","",""
"中古マンション等","成約価格情報","13108","東京都","江東区","亀戸","東大島",12,28000000,"３ＤＫ",65,"1980年","ＳＲＣ","","","準工業","","","2022年第3四半期","",""
"中古マンション等","成約価格情報","13108","東京都","江東区","亀戸","東大島",10,50000000,"３ＬＤＫ",85,"2005年","ＳＲＣ","","","１種住居","","","2022年第3四半期","",""
"中古マンション等","成約価格情報","13108","東京都","江東区","大島","東大島",5,38000000,"３ＬＤＫ",75,"1981年","ＳＲＣ","","","準工業","","","2022年第4四半期","",""
"中古マンション等","成約価格情報","13108","東京都","江東区","大島","東大島",3,36000000,"３ＬＤＫ",65,"1982年","ＳＲＣ","","","","","","2022年第4四半期","",""
"中古マンション等","成約価格情報","13108","東京都","江東区","大島","東大島",8,50000000,"２ＬＤＫ＋Ｓ",75,"2008年","ＲＣ","","","準工業","","","2022年第4四半期","",""
"中古マンション等","成約価格情報","13108","東京都","江東区","大島","東大島",3,34000000,"３ＬＤＫ",65,"1982年","ＳＲＣ","","","","","","2022年第4四半期","",""
"中古マンション等","成約価格情報","13108","東京都","江東区","大島","東大島",8,55000000,"３ＬＤＫ＋Ｓ",80,"2008年","ＲＣ","","","準工業","","","2022年第4四半期","",""
"中古マンション等","成約価格情報","13108","東京都","江東区","亀戸","東大島",11,53000000,"２ＬＤＫ",85,"2005年","ＲＣ","","","１種住居","","","2022年第4四半期","",""
"中古マンション等","成約価格情報","13108","東京都","江東区","亀戸","東大島",10,50000000,"３ＬＤＫ",80,"2005年","ＳＲＣ","","","１種住居","","","2022年第4四半期","",""
"中古マンション等","成約価格情報","13108","東京都","江東区","亀戸","東大島",10,54000000,"４ＬＤＫ＋Ｓ",95,"2005年","ＳＲＣ","","","１種住居","","","2022年第4四半期","",""
"中古マンション等","成約価格情報","13108","東京都","江東区","亀戸","東大島",10,52000000,"３ＬＤＫ",85,"2005年","ＳＲＣ","","","１種住居","","","2022年第4四半期","",""
"中古マンション等","成約価格情報","13108","東京都","江東区","東砂","東大島",18,37000000,"３ＬＤＫ",75,"2005年","ＲＣ","","","準工業","","","2022年第1四半期","",""
"中古マンション等","成約価格情報","13108","東京都","江東区","東砂","東大島","",28000000,"３ＬＤＫ",75,"1982年","ＳＲＣ","","","準工業","","","2022年第1四半期","",""
"中古マンション等","成約価格情報","13108","東京都","江東区","東砂","東大島",9,52000000,"２ＬＤＫ＋Ｓ",70,"2015年","ＲＣ","","","１種住居","","","2022年第1四半期","",""
"中古マンション等","成約価格情報","13108","東京都","江東区","東砂","東大島",18,38000000,"３ＬＤＫ",70,"2005年","ＲＣ","","","準工業","","","2022年第1四半期","",""
"中古マンション等","成約価格情報","13108","東京都","江東区","東砂","東大島",14,34000000,"３ＬＤＫ",75,"2003年","ＳＲＣ","","","準工業","","","2022年第2四半期","",""
"中古マンション等","成約価格情報","13108","東京都","江東区","東砂","東大島",16,44000000,"２ＬＤＫ＋Ｓ",75,"2010年","","","","準工業","","","2022年第2四半期","",""
"中古マンション等","成約価格情報","13108","東京都","江東区","東砂","東大島",9,50000000,"３ＬＤＫ",65,"2015年","ＲＣ","","","１種住居","","","2022年第2四半期","",""
"中古マンション等","成約価格情報","13108","東京都","江東区","東砂","東大島",9,27000000,"３ＤＫ",65,"1987年","ＳＲＣ","","","準工業","","","2022年第2四半期","",""
"中古マンション等","成約価格情報","13108","東京都","江東区","東砂","東大島",17,30000000,"３ＬＤＫ",85,"1982年","ＲＣ","","","準工業","","","2022年第4四半期","",""
"中古マンション等","成約価格情報","13108","東京都","江東区","東砂","東大島",15,46000000,"２ＬＤＫ",75,"2010年","ＳＲＣ","","","準工業","","","2022年第4四半期","",""
"中古マンション等","成約価格情報","13108","東京都","江東区","東砂","東大島",15,42000000,"３ＬＤＫ",75,"2010年","ＲＣ","","","","","","2022年第4四半期","",""
"中古マンション等","成約価格情報","13108","東京都","江東区","東砂","東大島",15,25000000,"２ＬＤＫ",60,"2009年","ＲＣ","","","準工業","","","2022年第4四半期","",""
"中古マンション等","成約価格情報","13108","東京都","江東区","大島","東大島",7,43000000,"３ＬＤＫ",70,"2000年","ＳＲＣ","","","準工業","","","2023年第1四半期","",""
"中古マンション等","成約価格情報","13108","東京都","江東区","大島","東大島",10,58000000,"３ＬＤＫ",85,"2004年","ＲＣ","","","","","","2023年第1四半期","",""
"中古マンション等","成約価格情報","13108","東京都","江東区","大島","東大島",5,8700000,"１Ｒ",25,"1981年","ＲＣ","","","工業","","","2023年第1四半期","",""
"中古マンション等","成約価格情報","13108","東京都","江東区","亀戸","東大島",10,57000000,"４ＬＤＫ",95,"2005年","ＳＲＣ","","","１種住居","","","2023年第1四半期","",""
"中古マンション等","成約価格情報","13108","東京都","江東区","亀戸","東大島",11,61000000,"５ＬＤＫ",95,"2005年","ＲＣ","","","１種住居","","","2023年第1四半期","",""
"中古マンション等","成約価格情報","13108","東京都","江東区","亀戸","東大島",10,44000000,"３ＬＤＫ",75,"2005年","ＲＣ","","","１種住居","","","2023年第1四半期","",""
"中古マンション等","成約価格情報","13108","東京都","江東区","亀戸","東大島",11,44000000,"３ＬＤＫ",80,"1999年","ＳＲＣ","","","１種住居","","","2023年第1四半期","",""
"中古マンション等","成約価格情報","13108","東京都","江東区","大島","東大島",9,54000000,"３ＬＤＫ",85,"2008年","ＲＣ","","","準工業","","","2023年第2四半期","",""
"中古マンション等","成約価格情報","13108","東京都","江東区","大島","東大島",5,47000000,"３ＬＤＫ",85,"1981年","ＳＲＣ","","","準工業","","","2023年第2四半期","改装済み",""
"中古マンション等","成約価格情報","13108","東京都","江東区","大島","東大島",3,31000000,"２ＬＤＫ",60,"1986年","ＳＲＣ","","","１種住居","","","2023年第2四半期","改装済み",""
"中古マンション等","成約価格情報","13108","東京都","江東区","大島","東大島",2,42000000,"３ＬＤＫ",70,"1986年","ＳＲＣ","","","１種住居","","","2023年第2四半期","",""
"中古マンション等","成約価格情報","13108","東京都","江東区","大島","東大島",2,37000000,"３ＤＫ",65,"1982年","ＳＲＣ","","","","","","2023年第2四半期","",""
"中古マンション等","成約価格情報","13108","東京都","江東区","大島","東大島",5,39000000,"３ＬＤＫ",75,"1981年","ＳＲＣ","","","準工業","","","2023年第2四半期","",""
"中古マンション等","成約価格情報","13108","東京都","江東区","大島","東大島",6,44000000,"４ＬＤＫ",95,"1981年","ＳＲＣ","","","準工業","","","2023年第2四半期","",""
"中古マンション等","成約価格情報","13108","東京都","江東区","亀戸","東大島",12,8400000,"１Ｒ",20,"1989年","ＳＲＣ","","","商業","","","2023年第2四半期","",""
"中古マンション等","成約価格情報","13108","東京都","江東区","亀戸","東大島",10,44000000,"３ＬＤＫ",75,"2005年","ＳＲＣ","","","１種住居","","","2023年第2四半期","",""
"中古マンション等","成約価格情報","13108","東京都","江東区","亀戸","東大島",12,34000000,"３ＤＫ",70,"1980年","ＳＲＣ","","","準工業","","","2023年第2四半期","",""
"中古マンション等","成約価格情報","13108","東京都","江東区","亀戸","東大島",11,45000000,"３ＬＤＫ",80,"1999年","ＳＲＣ","","","１種住居","","","2023年第2四半期","",""
"中古マンション等","成約価格情報","13108","東京都","江東区","亀戸","東大島",10,52000000,"３ＬＤＫ",80,"2005年","ＲＣ","","","１種住居","","","2023年第2四半期","",""
"中古マンション等","成約価格情報","13108","東京都","江東区","大島","東大島",9,45000000,"３ＬＤＫ",70,"2008年","ＲＣ","","","準工業","","","2023年第3四半期","",""
"中古マンション等","成約価格情報","13108","東京都","江東区","大島","東大島",6,8000000,"１ＤＫ",25,"1981年","ＲＣ","","","準工業","","","2023年第3四半期","",""
"中古マンション等","成約価格情報","13108","東京都","江東区","大島","東大島",8,39000000,"３ＬＤＫ",70,"2008年","ＲＣ","","","準工業","","","2023年第3四半期","",""
"中古マンション等","成約価格情報","13108","東京都","江東区","大島","東大島",4,66000000,"３ＬＤＫ",90,"2004年","ＲＣ","","","準工業","","","2023年第3四半期","",""
"中古マンション等","成約価格情報","13108","東京都","江東区","大島","東大島",3,36000000,"３ＬＤＫ",65,"1981年","ＳＲＣ","","","","","","2023年第3四半期","",""
"中古マンション等","成約価格情報","13108","東京都","江東区","亀戸","東大島",10,37000000,"２ＬＤＫ",60,"2003年","ＲＣ","","","準工業","","","2023年第3四半期","",""
"中古マンション等","成約価格情報","13108","東京都","江東区","大島","東大島",2,33000000,"２ＬＤＫ＋Ｓ",60,"1986年","ＳＲＣ","","","１種住居","","","2023年第4四半期","",""
"中古マンション等","成約価格情報","13108","東京都","江東区","大島","東大島",8,42000000,"３ＬＤＫ",80,"2001年","ＳＲＣ","","","準工業","","","2023年第4四半期","",""
"中古マンション等","成約価格情報","13108","東京都","江東区","大島","東大島",5,6000000,"１Ｒ",20,"1981年","ＲＣ","","","準工業","","","2023年第4四半期","",""
"中古マンション等","成約価格情報","13108","東京都","江東区","大島","東大島",5,45000000,"３ＬＤＫ",75,"1981年","ＳＲＣ","","","準工業","","","2023年第4四半期","",""
"中古マンション等","成約価格情報","13108","東京都","江東区","大島","東大島",3,44000000,"３ＬＤＫ",70,"1986年","ＳＲＣ","","","１種住居","","","2023年第4四半期","",""
"中古マンション等","成約価格情報","13108","東京都","江東区","大島","東大島",4,40000000,"２ＬＤＫ",60,"1986年","ＳＲＣ","","","準工業","","","2023年第4四半期","",""
"中古マンション等","成約価格情報","13108","東京都","江東区","大島","東大島",2,32000000,"１ＬＤＫ",60,"1989年","ＲＣ","","","１種住居","","","2023年第4四半期","",""
"中古マンション等","成約価格情報","13108","東京都","江東区","大島","東大島",1,41000000,"２ＬＤＫ",60,"2001年","ＳＲＣ","","","商業","","","2023年第4四半期","改装済み",""
"中古マンション等","成約価格情報","13108","東京都","江東区","大島","東大島",7,70000000,"３ＬＤＫ",70,"2022年","ＲＣ","","","準工業","","","2023年第4四半期","",""
"中古マンション等","成約価格情報","13108","東京都","江東区","大島","東大島",8,42000000,"３ＬＤＫ",80,"2001年","ＳＲＣ","","","準工業","","","2023年第4四半期","",""
"中古マンション等","成約価格情報","13108","東京都","江東区","亀戸","東大島",14,25000000,"１ＬＤＫ",65,"1979年","ＲＣ","","","準工業","","","2023年第4四半期","",""
"中古マンション等","成約価格情報","13108","東京都","江東区","亀戸","東大島",8,66000000,"４ＬＤＫ",90,"2009年","ＲＣ","","","準工業","","","2023年第4四半期","",""
"中古マンション等","成約価格情報","13108","東京都","江東区","亀戸","東大島",8,54000000,"３ＬＤＫ",75,"2009年","ＲＣ","","","準工業","","","2023年第4四半期","",""
"中古マンション等","成約価格情報","13108","東京都","江東区","東砂","東大島",9,52000000,"３ＬＤＫ",65,"2015年","ＲＣ","","","１種住居","","","2023年第1四半期","",""
"中古マンション等","成約価格情報","13108","東京都","江東区","東砂","東大島",14,44000000,"２ＬＤＫ",65,"2009年","ＲＣ","","","準工業","","","2023年第1四半期","",""
"中古マンション等","成約価格情報","13108","東京都","江東区","東砂","東大島",20,27000000,"３ＬＤＫ",75,"1999年","ＲＣ","","","準工業","","","2023年第1四半期","",""
"中古マンション等","成約価格情報","13108","東京都","江東区","東砂","東大島",9,30000000,"３ＤＫ",65,"1987年","ＳＲＣ","","","準工業","","","2023年第1四半期","",""
"中古マンション等","成約価格情報","13108","東京都","江東区","東砂","東大島",16,25000000,"２ＬＤＫ＋Ｓ",65,"1996年","ＳＲＣ","","","準工業","","","2023年第1四半期","",""
"中古マンション等","成約価格情報","13108","東京都","江東区","東砂","東大島",14,51000000,"３ＬＤＫ",80,"2009年","ＲＣ","","","準工業","","","2023年第2四半期","",""
"中古マンション等","成約価格情報","13108","東京都","江東区","東砂","東大島",9,42000000,"２ＬＤＫ",55,"2015年","ＲＣ","","","１種住居","","","2023年第2四半期","",""
"中古マンション等","成約価格情報","13108","東京都","江東区","東砂","東大島",10,28000000,"３ＤＫ",65,"1987年","ＳＲＣ","","","","","","2023年第2四半期","",""
"中古マンション等","成約価格情報","13108","東京都","江東区","東砂","東大島",9,53000000,"３ＬＤＫ",65,"2015年","ＲＣ","","","","","","2023年第2四半期","",""
"中古マンション等","成約価格情報","13108","東京都","江東区","東砂","東大島",15,41000000,"３ＬＤＫ",75,"2010年","ＳＲＣ","","","準工業","","","2023年第4四半期","",""
"中古マンション等","成約価格情報","13108","東京都","江東区","東砂","東大島",14,25000000,"２Ｋ",30,"2021年","ＲＣ","","","準工業","","","2023年第4四半期","",""
"中古マンション等","成約価格情報","13108","東京都","江東区","東砂","東大島",16,26000000,"２ＬＤＫ",60,"1996年","ＳＲＣ","","","準工業","","","2023年第4四半期","",""
"中古マンション等","成約価格情報","13108","東京都","江東区","東砂","東大島",10,29000000,"３ＬＤＫ",65,"1982年","ＳＲＣ","","","","","","2023年第4四半期","",""
"中古マンション等","成約価格情報","13108","東京都","江東区","東砂","東大島",15,43000000,"３ＬＤＫ",75,"2010年","","","","準工業","","","2023年第4四半期","",""
"中古マンション等","成約価格情報","13108","東京都","江東区","東砂","東大島",15,39000000,"３ＬＤＫ",90,"2003年","ＲＣ","","","準工業","","","2023年第4四半期","",""
"中古マンション等","成約価格情報","13108","東京都","江東区","東砂","東大島",13,49000000,"２ＬＤＫ",60,"2009年","ＲＣ","","","準工業","","","2023年第4四半期","",""
"中古マンション等","成約価格情報","13108","東京都","江東区","東砂","東大島",10,26000000,"２ＬＤＫ",55,"1982年","ＳＲＣ","","","準工業","","","2023年第4四半期","",""
"中古マンション等","成約価格情報","13108","東京都","江東区","大島","東大島",7,35000000,"２ＬＤＫ＋Ｓ",75,"1981年","ＳＲＣ","","","準工業","","","2024年第1四半期","",""
"中古マンション等","成約価格情報","13108","東京都","江東区","大島","東大島",2,43000000,"２ＬＤＫ",70,"1986年","ＳＲＣ","","","１種住居","","","2024年第1四半期","",""
"中古マンション等","成約価格情報","13108","東京都","江東区","亀戸","東大島",11,51000000,"３ＬＤＫ",80,"1999年","ＳＲＣ","","","１種住居","","","2024年第1四半期","",""
"中古マンション等","成約価格情報","13108","東京都","江東区","亀戸","東大島",7,50000000,"３ＬＤＫ",90,"2003年","ＳＲＣ","","","","","","2024年第1四半期","",""
"中古マンション等","成約価格情報","13108","東京都","江東区","亀戸","東大島",10,46000000,"３ＬＤＫ",70,"2008年","ＲＣ","","","準工業","","","2024年第1四半期","",""
"中古マンション等","成約価格情報","13108","東京都","江東区","大島","東大島",8,57000000,"３ＬＤＫ",80,"2001年","ＳＲＣ","","","準工業","","","2024年第2四半期","",""
"中古マンション等","成約価格情報","13108","東京都","江東区","大島","東大島",3,54000000,"５ＬＤＫ",105,"1986年","ＳＲＣ","","","１種住居","","","2024年第2四半期","",""
"中古マンション等","成約価格情報","13108","東京都","江東区","大島","東大島",4,51000000,"３ＬＤＫ",90,"1996年","ＳＲＣ","","","１種住居","","","2024年第2四半期","",""
"中古マンション等","成約価格情報","13108","東京都","江東区","大島","東大島",4,60000000,"３ＬＤＫ＋Ｓ",105,"1986年","ＳＲＣ","","","準工業","","","2024年第2四半期","",""
"中古マンション等","成約価格情報","13108","東京都","江東区","大島","東大島",8,46000000,"３ＬＤＫ",75,"2001年","ＳＲＣ","","","準工業","","","2024年第2四半期","",""
"中古マンション等","成約価格情報","13108","東京都","江東区","大島","東大島",3,27000000,"２ＬＤＫ",65,"1982年","ＳＲＣ","","","準工業","","","2024年第2四半期","",""
"中古マンション等","成約価格情報","13108","東京都","江東区","大島","東大島",3,56000000,"４ＬＤＫ",105,"1986年","ＳＲＣ","","","１種住居","","","2024年第2四半期","",""
"中古マンション等","成約価格情報","13108","東京都","江東区","亀戸","東大島",10,33000000,"３ＬＤＫ",65,"1980年","ＳＲＣ","","","準工業","","","2024年第2四半期","",""
"中古マンション等","成約価格情報","13108","東京都","江東区","亀戸","東大島",9,72000000,"３ＬＤＫ",85,"2008年","ＲＣ","","","","","","2024年第2四半期","",""
"中古マンション等","成約価格情報","13108","東京都","江東区","大島","東大島",8,23000000,"２ＬＤＫ",55,"1978年","ＲＣ","","","準工業","","","2024年第3四半期","",""
"中古マンション等","成約価格情報","13108","東京都","江東区","大島","東大島",5,11000000,"１Ｒ",25,"1981年","ＲＣ","","","準工業","","","2024年第3四半期","",""
"中古マンション等","成約価格情報","13108","東京都","江東区","大島","東大島",3,34000000,"３ＬＤＫ",60,"1986年","ＳＲＣ","","","１種住居","","","2024年第3四半期","",""
"中古マンション等","成約価格情報","13108","東京都","江東区","大島","東大島",8,57000000,"３ＬＤＫ",80,"2001年","ＳＲＣ","","","準工業","","","2024年第3四半期","",""
"中古マンション等","成約価格情報","13108","東京都","江東区","大島","東大島",8,50000000,"３ＬＤＫ",75,"2008年","ＲＣ","","","準工業","","","2024年第3四半期","",""
"中古マンション等","成約価格情報","13108","東京都","江東区","亀戸","東大島",13,40000000,"３ＬＤＫ",70,"1979年","ＳＲＣ","","","準工業","","","2024年第3四半期","",""
"中古マンション等","成約価格情報","13108","東京都","江東区","大島","東大島",5,12000000,"１Ｒ",25,"1981年","ＲＣ","","","準工業","","","2024年第4四半期","",""
"中古マンション等","成約価格情報","13108","東京都","江東区","大島","東大島",2,63000000,"５ＬＤＫ",105,"1986年","ＳＲＣ","","","１種住居","","","2024年第4四半期","",""
"中古マンション等","成約価格情報","13108","東京都","江東区","大島","東大島",8,52000000,"３ＬＤＫ",75,"2001年","","","","","","","2024年第4四半期","",""
"中古マンション等","成約価格情報","13108","東京都","江東区","大島","東大島",1,63000000,"３ＬＤＫ",80,"2001年","ＳＲＣ","","","商業","","","2024年第4四半期","",""
"中古マンション等","成約価格情報","13108","東京都","江東区","大島","東大島",7,75000000,"３ＬＤＫ",70,"2022年","ＲＣ","","","準工業","","","2024年第4四半期","",""
"中古マンション等","成約価格情報","13108","東京都","江東区","大島","東大島",5,9600000,"１ＤＫ",25,"1981年","ＲＣ","","","準工業","","","2024年第4四半期","",""
"中古マンション等","成約価格情報","13108","東京都","江東区","大島","東大島",1,62000000,"３ＬＤＫ",75,"2001年","ＳＲＣ","","","商業","","","2024年第4四半期","",""
"中古マンション等","成約価格情報","13108","東京都","江東区","東砂","東大島",15,32000000,"３ＬＤＫ",70,"2009年","ＲＣ","","","","","","2024年第1四半期","",""
"中古マンション等","成約価格情報","13108","東京都","江東区","東砂","東大島",15,37000000,"３ＬＤＫ",65,"1999年","ＳＲＣ","","","","","","2024年第1四半期","",""
"中古マンション等","成約価格情報","13108","東京都","江東区","東砂","東大島",15,31000000,"３ＬＤＫ",70,"2009年","ＲＣ","","","準工業","","","2024年第1四半期","",""
"中古マンション等","成約価格情報","13108","東京都","江東区","東砂","東大島",9,59000000,"２ＬＤＫ＋Ｓ",70,"2015年","ＲＣ","","","１種住居","","","2024年第1四半期","",""
"中古マンション等","成約価格情報","13108","東京都","江東区","東砂","東大島",10,28000000,"３ＤＫ",55,"1982年","ＳＲＣ","","","","","","2024年第1四半期","",""
"中古マンション等","成約価格情報","13108","東京都","江東区","東砂","東大島",13,52000000,"３ＬＤＫ",80,"2009年","ＲＣ","","","準工業","","","2024年第2四半期","",""
"中古マンション等","成約価格情報","13108","東京都","江東区","東砂","東大島",15,32000000,"３ＬＤＫ",80,"1982年","ＳＲＣ","","","準工業","","","2024年第2四半期","",""
"中古マンション等","成約価格情報","13108","東京都","江東区","東砂","東大島",15,40000000,"３ＬＤＫ",75,"1999年","ＳＲＣ","","","準工業","","","2024年第2四半期","",""
"中古マンション等","成約価格情報","13108","東京都","江東区","東砂","東大島",17,25000000,"３ＬＤＫ",80,"1982年","ＳＲＣ","","","準工業","","","2024年第2四半期","",""
"中古マンション等","成約価格情報","13108","東京都","江東区","東砂","東大島",14,46000000,"３ＬＤＫ",70,"2009年","ＲＣ","","","準工業","","","2024年第3四半期","",""
"中古マンション等","成約価格情報","13108","東京都","江東区","東砂","東大島",14,49000000,"３ＬＤＫ",80,"2003年","ＲＣ","","","準工業","","","2024年第4四半期","改装済み",""
"中古マンション等","成約価格情報","13108","東京都","江東区","東砂","東大島",10,26000000,"３ＤＫ",65,"1982年","ＳＲＣ","","","準工業","","","2024年第4四半期","",""
"中古マンション等","成約価格情報","13108","東京都","江東区","東砂","東大島",9,37000000,"２ＬＤＫ",80,"1987年","ＳＲＣ","","","準工業","","","2024年第4四半期","",""
"中古マンション等","成約価格情報","13108","東京都","江東区","東砂","東大島",13,57000000,"３ＬＤＫ",70,"2009年","ＲＣ","","","準工業","","","2024年第4四半期","",""
"中古マンション等","成約価格情報","13108","東京都","江東区","東砂","東大島",20,38000000,"３ＬＤＫ",80,"1999年","ＲＣ","","","準工業","","","2024年第4四半期","改装済み",""
"中古マンション等","成約価格情報","13108","東京都","江東区","大島","東大島",7,41000000,"３ＬＤＫ",75,"1981年","ＳＲＣ","","","準工業","","","2025年第1四半期","",""
"中古マンション等","成約価格情報","13108","東京都","江東区","大島","東大島",3,39000000,"３ＬＤＫ",70,"1986年","ＳＲＣ","","","１種住居","","","2025年第1四半期","",""
"中古マンション等","成約価格情報","13108","東京都","江東区","大島","東大島",8,66000000,"４ＬＤＫ",85,"2001年","ＳＲＣ","","","準工業","","","2025年第1四半期","",""
"中古マンション等","成約価格情報","13108","東京都","江東区","大島","東大島",5,43000000,"３ＬＤＫ",85,"1981年","ＳＲＣ","","","準工業","","","2025年第1四半期","",""
"中古マンション等","成約価格情報","13108","東京都","江東区","大島","東大島",8,63000000,"３ＬＤＫ",75,"2001年","ＳＲＣ","","","準工業","","","2025年第1四半期","",""
"中古マンション等","成約価格情報","13108","東京都","江東区","大島","東大島",6,42000000,"３ＬＤＫ",75,"1981年","ＳＲＣ","","","準工業","","","2025年第1四半期","改装済み",""
"中古マンション等","成約価格情報","13108","東京都","江東区","大島","東大島",6,36000000,"３ＬＤＫ",85,"1981年","ＳＲＣ","","","準工業","","","2025年第1四半期","",""
"中古マンション等","成約価格情報","13108","東京都","江東区","大島","東大島",3,53000000,"４ＬＤＫ",90,"1986年","ＳＲＣ","","","１種住居","","","2025年第1四半期","",""
"中古マンション等","成約価格情報","13108","東京都","江東区","大島","東大島",10,33000000,"２ＬＤＫ",65,"1976年","ＳＲＣ","","","準工業","","","2025年第1四半期","",""
"中古マンション等","成約価格情報","13108","東京都","江東区","大島","東大島",4,66000000,"４ＬＤＫ",100,"1996年","ＳＲＣ","","","１種住居","","","2025年第1四半期","",""
"中古マンション等","成約価格情報","13108","東京都","江東区","大島","東大島",8,58000000,"３ＬＤＫ",70,"2001年","ＳＲＣ","","","準工業","","","2025年第1四半期","",""
"中古マンション等","成約価格情報","13108","東京都","江東区","大島","東大島",5,40000000,"３ＬＤＫ",75,"1981年","ＳＲＣ","","","準工業","","","2025年第1四半期","",""
"中古マンション等","成約価格情報","13108","東京都","江東区","大島","東大島",7,52000000,"２ＬＤＫ",60,"2000年","ＳＲＣ","","","準工業","","","2025年第1四半期","",""
"中古マンション等","成約価格情報","13108","東京都","江東区","大島","東大島",11,49000000,"２ＬＤＫ",65,"2004年","ＲＣ","","","準工業","","","2025年第1四半期","",""
"中古マンション等","成約価格情報","13108","東京都","江東区","大島","東大島",5,45000000,"２ＬＤＫ＋Ｓ",75,"1981年","ＳＲＣ","","","準工業","","","2025年第1四半期","",""
"中古マンション等","成約価格情報","13108","東京都","江東区","大島","東大島",9,65000000,"３ＬＤＫ",85,"2008年","ＲＣ","","","準工業","","","2025年第1四半期","",""
"中古マンション等","成約価格情報","13108","東京都","江東区","大島","東大島",8,48000000,"３ＬＤＫ",75,"2001年","ＳＲＣ","","","準工業","","","2025年第1四半期","",""
"中古マンション等","成約価格情報","13108","東京都","江東区","大島","東大島",2,55000000,"４ＬＤＫ",90,"1986年","ＳＲＣ","","","１種住居","","","2025年第1四半期","",""
"中古マンション等","成約価格情報","13108","東京都","江東区","亀戸","東大島",10,54000000,"３ＬＤＫ＋Ｓ",85,"2005年","ＳＲＣ","","","１種住居","","","2025年第1四半期","",""
"中古マンション等","成約価格情報","13108","東京都","江東区","亀戸","東大島",9,54000000,"３ＬＤＫ",75,"2005年","ＲＣ","","","１種住居","","","2025年第1四半期","",""
"中古マンション等","成約価格情報","13108","東京都","江東区","亀戸","東大島",13,31000000,"２ＬＤＫ",75,"1980年","ＳＲＣ","","","準工業","","","2025年第1四半期","",""
"中古マンション等","成約価格情報","13108","東京都","江東区","亀戸","東大島",13,74000000,"４ＬＤＫ",100,"2005年","ＳＲＣ","","","１種住居","","","2025年第1四半期","",""
"中古マンション等","成約価格情報","13108","東京都","江東区","亀戸","東大島",10,50000000,"３ＬＤＫ＋Ｓ",85,"2005年","","","","","","","2025年第1四半期","",""
"中古マンション等","成約価格情報","13108","東京都","江東区","亀戸","東大島",10,58000000,"３ＬＤＫ",80,"2005年","ＲＣ","","","１種住居","","","2025年第1四半期","",""
"中古マンション等","成約価格情報","13108","東京都","江東区","亀戸","東大島",10,50000000,"３ＬＤＫ＋Ｓ",85,"2005年","","","","","","","2025年第1四半期","",""
"中古マンション等","成約価格情報","13108","東京都","江東区","亀戸","東大島",9,50000000,"３ＬＤＫ",80,"2005年","ＲＣ","","","１種住居","","","2025年第1四半期","",""
"中古マンション等","成約価格情報","13108","東京都","江東区","東砂","東大島",10,36000000,"３ＬＤＫ",70,"1982年","ＳＲＣ","","","準工業","","","2025年第1四半期","",""
"中古マンション等","成約価格情報","13108","東京都","江東区","東砂","東大島",13,46000000,"３ＬＤＫ",70,"2009年","ＲＣ","","","準工業","","","2025年第1四半期","",""
"中古マンション等","成約価格情報","13108","東京都","江東区","東砂","東大島",16,36000000,"３ＬＤＫ",70,"1996年","ＳＲＣ","","","準工業","","","2025年第1四半期","",""
"中古マンション等","成約価格情報","13108","東京都","江東区","東砂","東大島",15,30000000,"３ＬＤＫ",80,"1982年","ＳＲＣ","","","準工業","","","2025年第1四半期","",""
"中古マンション等","成約価格情報","13108","東京都","江東区","東砂","東大島",15,24000000,"１ＬＤＫ＋Ｓ",50,"2008年","ＲＣ","","","準工業","","","2025年第1四半期","",""
"中古マンション等","成約価格情報","13108","東京都","江東区","東砂","東大島",10,26000000,"３ＤＫ",60,"1982年","ＳＲＣ","","","準工業","","","2025年第1四半期","",""
"中古マンション等","不動産取引価格情報","13108","東京都","江東区","大島","東大島",9,36000000,"３ＬＤＫ",60,"2001年","ＳＲＣ","住宅","住宅","準工業",60,300,"2025年第1四半期","",""
"中古マンション等","不動産取引価格情報","13108","東京都","江東区","大島","東大島",2,63000000,"５ＬＤＫ",100,"1986年","ＳＲＣ","","","１種住居",60,400,"2025年第1四半期","改装済み",""
"中古マンション等","不動産取引価格情報","13108","東京都","江東区","大島","東大島",10,27000000,"１ＬＤＫ",35,"1976年","ＳＲＣ","住宅","住宅","準工業",60,300,"2025年第1四半期","改装済み",""
"中古マンション等","不動産取引価格情報","13108","東京都","江東区","大島","東大島",9,23000000,"１Ｋ",25,"2014年","ＲＣ","住宅","住宅","準工業",60,300,"2025年第1四半期","未改装",""
"中古マンション等","不動産取引価格情報","13108","東京都","江東区","大島","東大島",2,32000000,"２ＬＤＫ",50,"1989年","ＳＲＣ","住宅","住宅","１種住居",60,400,"2025年第1四半期","未改装",""
"中古マンション等","不動産取引価格情報","13108","東京都","江東区","大島","東大島",3,30000000,"３ＬＤＫ",55,"1981年","ＳＲＣ","住宅","住宅","商業",80,400,"2024年第4四半期","未改装",""
"中古マンション等","不動産取引価格情報","13108","東京都","江東区","大島","東大島",5,21000000,"１Ｋ",20,"2007年","ＲＣ","住宅","その他","準工業",60,400,"2024年第4四半期","",""
"中古マンション等","不動産取引価格情報","13108","東京都","江東区","大島","東大島",2,36000000,"２ＬＤＫ＋Ｓ",60,"1989年","ＳＲＣ","住宅","住宅","１種住居",60,400,"2024年第4四半期","未改装",""
"中古マンション等","不動産取引価格情報","13108","東京都","江東区","大島","東大島",1,62000000,"３ＬＤＫ",70,"2001年","ＳＲＣ","住宅","住宅","商業",80,500,"2024年第4四半期","未改装",""
"中古マンション等","不動産取引価格情報","13108","東京都","江東区","大島","東大島",9,23000000,"１Ｋ",25,"2014年","ＲＣ","住宅","住宅","準工業",60,300,"2024年第3四半期","未改装",""
"中古マンション等","不動産取引価格情報","13108","東京都","江東区","大島","東大島",5,19000000,"１Ｋ",20,"2010年","ＲＣ","住宅","その他","準工業",60,400,"2024年第3四半期","",""
"中古マンション等","不動産取引価格情報","13108","東京都","江東区","大島","東大島",5,38000000,"３ＬＤＫ",70,"1981年","ＳＲＣ","住宅","住宅","準工業",60,300,"2024年第3四半期","未改装",""
"中古マンション等","不動産取引価格情報","13108","東京都","江東区","大島","東大島",2,33000000,"３ＬＤＫ",60,"1989年","ＳＲＣ","住宅","住宅","１種住居",60,400,"2024年第3四半期","未改装",""
"中古マンション等","不動産取引価格情報","13108","東京都","江東区","大島","東大島",2,28000000,"３ＬＤＫ",55,"1986年","ＳＲＣ","住宅","住宅","１種住居",60,400,"2024年第3四半期","未改装",""
"中古マンション等","不動産取引価格情報","13108","東京都","江東区","大島","東大島",2,36000000,"３ＬＤＫ",60,"1986年","ＳＲＣ","住宅","","１種住居",60,400,"2024年第3四半期","未改装",""
"中古マンション等","不動産取引価格情報","13108","東京都","江東区","大島","東大島",2,25000000,"１Ｋ",30,"2002年","ＲＣ","住宅","住宅","準工業",60,400,"2024年第2四半期","改装済み",""
"中古マンション等","不動産取引価格情報","13108","東京都","江東区","大島","東大島",2,37000000,"２ＬＤＫ",50,"1986年","ＳＲＣ","住宅","住宅","１種住居",60,400,"2024年第2四半期","改装済み",""
"中古マンション等","不動産取引価格情報","13108","東京都","江東区","大島","東大島",3,60000000,"３ＬＤＫ",100,"1986年","ＳＲＣ","","住宅","準工業",60,400,"2024年第2四半期","改装済み",""
"中古マンション等","不動産取引価格情報","13108","東京都","江東区","大島","東大島",4,32000000,"３ＬＤＫ",60,"1982年","ＳＲＣ","住宅","住宅","準工業",60,300,"2024年第2四半期","未改装",""
"中古マンション等","不動産取引価格情報","13108","東京都","江東区","大島","東大島",4,29000000,"３ＬＤＫ",60,"1982年","ＳＲＣ","住宅","住宅","準工業",60,300,"2024年第2四半期","未改装",""
"中古マンション等","不動産取引価格情報","13108","東京都","江東区","大島","東大島",2,45000000,"",60,"1986年","ＳＲＣ","住宅","住宅","１種住居",60,400,"2024年第2四半期","",""
"中古マンション等","不動産取引価格情報","13108","東京都","江東区","大島","東大島",2,40000000,"３ＬＤＫ",65,"1986年","ＳＲＣ","","住宅","１種住居",60,400,"2024年第2四半期","改装済み",""
"中古マンション等","不動産取引価格情報","13108","東京都","江東区","大島","東大島",6,240000000,"オープンフロア",310,"1997年","ＲＣ","工場、事務所","その他","準工業",60,300,"2024年第2四半期","未改装",""
"中古マンション等","不動産取引価格情報","13108","東京都","江東区","大島","東大島",5,42000000,"３ＬＤＫ",70,"1981年","ＳＲＣ","","住宅","準工業",60,300,"2024年第1四半期","改装済み",""
"中古マンション等","不動産取引価格情報","13108","東京都","江東区","大島","東大島",8,50000000,"３ＬＤＫ",65,"2008年","ＲＣ","","住宅","準工業",60,300,"2024年第1四半期","改装済み",""
"中古マンション等","不動産取引価格情報","13108","東京都","江東区","大島","東大島",3,42000000,"３ＬＤＫ",55,"1981年","ＳＲＣ","住宅","住宅","商業",80,400,"2024年第1四半期","改装済み",""
"中古マンション等","不動産取引価格情報","13108","東京都","江東区","大島","東大島",2,46000000,"３ＬＤＫ",65,"1986年","ＳＲＣ","","住宅","１種住居",60,400,"2024年第1四半期","改装済み",""
"中古マンション等","不動産取引価格情報","13108","東京都","江東区","大島","東大島",2,29000000,"２ＬＤＫ",50,"1986年","ＳＲＣ","","住宅","１種住居",60,400,"2024年第1四半期","未改装",""
"中古マンション等","不動産取引価格情報","13108","東京都","江東区","大島","東大島",2,41000000,"２ＬＤＫ",55,"1986年","ＳＲＣ","住宅","住宅","１種住居",60,400,"2024年第1四半期","改装済み",""
"中古マンション等","不動産取引価格情報","13108","東京都","江東区","大島","東大島",5,21000000,"１ＤＫ",20,"2010年","ＲＣ","","その他","準工業",60,400,"2023年第4四半期","",""
"中古マンション等","不動産取引価格情報","13108","東京都","江東区","大島","東大島",2,40000000,"３ＬＤＫ",60,"1986年","ＳＲＣ","","住宅","１種住居",60,400,"2023年第4四半期","改装済み",""
"中古マンション等","不動産取引価格情報","13108","東京都","江東区","大島","東大島",4,43000000,"３ＬＤＫ",60,"1982年","ＳＲＣ","","住宅","準工業",60,300,"2023年第4四半期","改装済み",""
"中古マンション等","不動産取引価格情報","13108","東京都","江東区","大島","東大島",6,12000000,"",20,"1981年","ＲＣ","","住宅","準工業",60,300,"2023年第3四半期","",""
"中古マンション等","不動産取引価格情報","13108","東京都","江東区","大島","東大島",2,28000000,"２ＬＤＫ＋Ｓ",65,"1986年","ＳＲＣ","住宅","住宅","１種住居",60,400,"2023年第3四半期","未改装",""
"中古マンション等","不動産取引価格情報","13108","東京都","江東区","大島","東大島",2,25000000,"１ＬＤＫ",35,"2002年","ＲＣ","住宅","その他","準工業",60,400,"2023年第2四半期","未改装",""
"中古マンション等","不動産取引価格情報","13108","東京都","江東区","大島","東大島",3,36000000,"３ＬＤＫ",55,"1981年","ＳＲＣ","","住宅","商業",80,400,"2023年第2四半期","未改装",""
"中古マンション等","不動産取引価格情報","13108","東京都","江東区","大島","東大島",2,50000000,"４ＬＤＫ",85,"1989年","ＳＲＣ","住宅","住宅","１種住居",60,400,"2023年第2四半期","改装済み",""
"中古マンション等","不動産取引価格情報","13108","東京都","江東区","大島","東大島",5,39000000,"３ＬＤＫ",70,"1981年","ＳＲＣ","","住宅","準工業",60,300,"2023年第2四半期","未改装",""
"中古マンション等","不動産取引価格情報","13108","東京都","江東区","大島","東大島",10,25000000,"２ＬＤＫ",55,"1976年","ＳＲＣ","住宅","住宅","準工業",60,300,"2023年第2四半期","未改装",""
"中古マンション等","不動産取引価格情報","13108","東京都","江東区","大島","東大島",1,24000000,"",55,"2001年","ＳＲＣ","住宅","住宅","商業",80,500,"2023年第1四半期","未改装",""
"中古マンション等","不動産取引価格情報","13108","東京都","江東区","大島","東大島",9,25000000,"１Ｋ",25,"2014年","ＲＣ","住宅","住宅","準工業",60,300,"2023年第1四半期","未改装",""
"中古マンション等","不動産取引価格情報","13108","東京都","江東区","大島","東大島",6,25000000,"１Ｋ",20,"2015年","ＲＣ","住宅","住宅","商業",80,400,"2023年第1四半期","未改装",""
"中古マンション等","不動産取引価格情報","13108","東京都","江東区","大島","東大島",5,29000000,"３ＬＤＫ",70,"1981年","ＳＲＣ","住宅","その他","準工業",60,300,"2023年第1四半期","未改装",""
"中古マンション等","不動産取引価格情報","13108","東京都","江東区","大島","東大島",3,42000000,"３ＬＤＫ",55,"1981年","ＳＲＣ","住宅","住宅","商業",80,400,"2022年第4四半期","改装済み",""
"中古マンション等","不動産取引価格情報","13108","東京都","江東区","大島","東大島",4,33000000,"３ＬＤＫ",60,"1982年","ＳＲＣ","住宅","住宅","準工業",60,300,"2022年第4四半期","未改装",""
"中古マンション等","不動産取引価格情報","13108","東京都","江東区","大島","東大島",5,45000000,"３ＬＤＫ",70,"1981年","ＳＲＣ","住宅","住宅","準工業",60,300,"2022年第4四半期","改装済み",""
"中古マンション等","不動産取引価格情報","13108","東京都","江東区","大島","東大島",3,36000000,"２ＬＤＫ",55,"1981年","ＳＲＣ","住宅","住宅","商業",80,400,"2022年第3四半期","改装済み",""
"中古マンション等","不動産取引価格情報","13108","東京都","江東区","大島","東大島",10,29000000,"１ＬＤＫ",35,"1976年","ＳＲＣ","住宅","住宅","準工業",60,300,"2022年第3四半期","改装済み",""
"中古マンション等","不動産取引価格情報","13108","東京都","江東区","大島","東大島",3,36000000,"２ＬＤＫ",55,"1981年","ＳＲＣ","住宅","住宅","商業",80,400,"2022年第3四半期","未改装",""
"中古マンション等","不動産取引価格情報","13108","東京都","江東区","大島","東大島",9,19000000,"１Ｋ",25,"2014年","ＲＣ","住宅","住宅","準工業",60,300,"2022年第3四半期","未改装",""
"中古マンション等","不動産取引価格情報","13108","東京都","江東区","大島","東大島",9,20000000,"１Ｋ",25,"2014年","ＲＣ","住宅","住宅","準工業",60,300,"2022年第3四半期","未改装",""
"中古マンション等","不動産取引価格情報","13108","東京都","江東区","大島","東大島",4,34000000,"３ＬＤＫ",50,"1981年","ＳＲＣ","住宅","住宅","商業",80,400,"2022年第3四半期","改装済み",""
"中古マンション等","不動産取引価格情報","13108","東京都","江東区","大島","東大島",10,36000000,"３ＬＤＫ",55,"1976年","ＳＲＣ","","住宅","準工業",60,300,"2022年第3四半期","改装済み",""
"中古マンション等","不動産取引価格情報","13108","東京都","江東区","大島","東大島",8,49000000,"３ＬＤＫ",70,"2008年","ＲＣ","","住宅","準工業",60,300,"2022年第3四半期","未改装",""
"中古マンション等","不動産取引価格情報","13108","東京都","江東区","大島","東大島",6,11000000,"１ＤＫ",20,"1981年","ＲＣ","","住宅","準工業",60,300,"2022年第3四半期","未改装",""
"中古マンション等","不動産取引価格情報","13108","東京都","江東区","大島","東大島",5,37000000,"３ＬＤＫ",70,"1981年","ＳＲＣ","住宅","住宅","準工業",60,300,"2022年第3四半期","未改装",""
"中古マンション等","不動産取引価格情報","13108","東京都","江東区","大島","東大島",2,43000000,"４ＬＤＫ",85,"1989年","ＳＲＣ","住宅","住宅","１種住居",60,400,"2022年第3四半期","未改装",""
"中古マンション等","不動産取引価格情報","13108","東京都","江東区","大島","東大島",2,49000000,"３ＬＤＫ",70,"1989年","ＳＲＣ","住宅","住宅","１種住居",60,400,"2022年第3四半期","改装済み",""
"中古マンション等","不動産取引価格情報","13108","東京都","江東区","大島","東大島",2,20000000,"１Ｋ",30,"2002年","ＲＣ","住宅","住宅","準工業",60,400,"2022年第2四半期","",""
"中古マンション等","不動産取引価格情報","13108","東京都","江東区","大島","東大島",4,62000000,"４ＬＤＫ",80,"2000年","ＲＣ","住宅","事務所","準工業",60,300,"2022年第2四半期","未改装",""
"中古マンション等","不動産取引価格情報","13108","東京都","江東区","大島","東大島",4,15000000,"３ＬＤＫ",50,"1981年","ＳＲＣ","","その他","商業",80,400,"2022年第2四半期","未改装",""
"中古マンション等","不動産取引価格情報","13108","東京都","江東区","大島","東大島",9,23000000,"１Ｋ",25,"2014年","ＲＣ","","住宅","準工業",60,300,"2022年第2四半期","未改装",""
"中古マンション等","不動産取引価格情報","13108","東京都","江東区","大島","東大島",2,46000000,"３ＬＤＫ",70,"1989年","ＳＲＣ","住宅","住宅","１種住居",60,400,"2022年第2四半期","改装済み",""
"中古マンション等","不動産取引価格情報","13108","東京都","江東区","大島","東大島",5,36000000,"２ＬＤＫ＋Ｓ",70,"1981年","ＳＲＣ","住宅","住宅","準工業",60,300,"2022年第2四半期","未改装",""
"中古マンション等","不動産取引価格情報","13108","東京都","江東区","大島","東大島",5,40000000,"３ＬＤＫ",70,"1981年","ＳＲＣ","住宅","住宅","準工業",60,300,"2022年第1四半期","改装済み",""
"中古マンション等","不動産取引価格情報","13108","東京都","江東区","大島","東大島",6,7600000,"１Ｋ",15,"1981年","ＲＣ","住宅","住宅","準工業",60,300,"2022年第1四半期","未改装",""
"中古マンション等","不動産取引価格情報","13108","東京都","江東区","大島","東大島",2,48000000,"３ＬＤＫ",70,"1989年","ＳＲＣ","住宅","住宅","１種住居",60,400,"2022年第1四半期","改装済み",""
"中古マンション等","不動産取引価格情報","13108","東京都","江東区","大島","東大島",5,32000000,"",75,"1981年","ＳＲＣ","事務所","事務所","準工業",60,300,"2022年第1四半期","未改装",""
"中古マンション等","不動産取引価格情報","13108","東京都","江東区","大島","東大島",4,34000000,"２ＬＤＫ",50,"1982年","ＳＲＣ","住宅","住宅","準工業",60,300,"2022年第1四半期","改装済み",""
"中古マンション等","不動産取引価格情報","13108","東京都","江東区","大島","東大島",5,42000000,"２ＬＤＫ＋Ｓ",70,"1981年","ＳＲＣ","住宅","住宅","準工業",60,300,"2022年第1四半期","改装済み",""
"中古マンション等","不動産取引価格情報","13108","東京都","江東区","大島","東大島",8,42000000,"３ＬＤＫ",70,"2008年","ＲＣ","住宅","住宅","準工業",60,300,"2022年第1四半期","未改装",""
"中古マンション等","不動産取引価格情報","13108","東京都","江東区","大島","東大島",1,54000000,"３ＬＤＫ",70,"2001年","ＳＲＣ","住宅","住宅","商業",80,500,"2022年第1四半期","未改装",""
"中古マンション等","不動産取引価格情報","13108","東京都","江東区","大島","東大島",5,36000000,"３ＬＤＫ",70,"1981年","ＳＲＣ","住宅","住宅","準工業",60,300,"2021年第4四半期","",""
"中古マンション等","不動産取引価格情報","13108","東京都","江東区","大島","東大島",5,45000000,"２ＬＤＫ",70,"1981年","ＳＲＣ","住宅","住宅","準工業",60,300,"2021年第4四半期","未改装",""
"中古マンション等","不動産取引価格情報","13108","東京都","江東区","大島","東大島",8,36000000,"２ＬＤＫ＋Ｓ",55,"2008年","ＲＣ","住宅","住宅","準工業",60,300,"2021年第4四半期","未改装",""
"中古マンション等","不動産取引価格情報","13108","東京都","江東区","大島","東大島",9,19000000,"１Ｋ",25,"2014年","ＲＣ","住宅","住宅","準工業",60,300,"2021年第4四半期","改装済み",""
"中古マンション等","不動産取引価格情報","13108","東京都","江東区","大島","東大島",5,21000000,"１Ｋ",20,"2010年","ＲＣ","住宅","","準工業",60,400,"2021年第4四半期","未改装",""
"中古マンション等","不動産取引価格情報","13108","東京都","江東区","大島","東大島",9,38000000,"３ＬＤＫ",60,"2001年","ＳＲＣ","住宅","住宅","準工業",60,300,"2021年第4四半期","未改装",""
"中古マンション等","不動産取引価格情報","13108","東京都","江東区","大島","東大島",5,43000000,"２ＬＤＫ",70,"1981年","ＳＲＣ","住宅","住宅","準工業",60,300,"2021年第3四半期","改装済み",""
"中古マンション等","不動産取引価格情報","13108","東京都","江東区","大島","東大島",5,43000000,"２ＬＤＫ",70,"1981年","ＳＲＣ","住宅","住宅","準工業",60,300,"2021年第3四半期","改装済み",""
"中古マンション等","不動産取引価格情報","13108","東京都","江東区","大島","東大島",2,57000000,"４ＬＤＫ",80,"1986年","ＳＲＣ","住宅","住宅","１種住居",60,400,"2021年第3四半期","改装済み",""
"中古マンション等","不動産取引価格情報","13108","東京都","江東区","大島","東大島",2,20000000,"３ＬＤＫ",60,"1986年","ＳＲＣ","その他","その他","１種住居",60,400,"2021年第3四半期","未改装",""
"中古マンション等","不動産取引価格情報","13108","東京都","江東区","大島","東大島",3,33000000,"２ＬＤＫ",55,"1981年","ＳＲＣ","住宅","住宅","商業",80,400,"2021年第3四半期","未改装",""
"中古マンション等","不動産取引価格情報","13108","東京都","江東区","大島","東大島",6,9500000,"１Ｋ",20,"1981年","ＲＣ","住宅","","準工業",60,300,"2021年第2四半期","未改装",""
"中古マンション等","不動産取引価格情報","13108","東京都","江東区","大島","東大島",5,20000000,"１Ｋ",20,"2007年","ＲＣ","","住宅","準工業",60,400,"2021年第2四半期","未改装",""
"中古マンション等","不動産取引価格情報","13108","東京都","江東区","大島","東大島",2,26000000,"２ＬＤＫ",50,"1989年","ＳＲＣ","住宅","その他","１種住居",60,400,"2021年第2四半期","未改装",""
"中古マンション等","不動産取引価格情報","13108","東京都","江東区","大島","東大島",4,22000000,"１ＬＤＫ＋Ｓ",50,"1982年","ＳＲＣ","住宅","住宅","準工業",60,300,"2021年第2四半期","",""
"中古マンション等","不動産取引価格情報","13108","東京都","江東区","大島","東大島",9,23000000,"１Ｋ",25,"2014年","ＲＣ","","住宅","準工業",60,300,"2021年第2四半期","",""
"中古マンション等","不動産取引価格情報","13108","東京都","江東区","大島","東大島",5,20000000,"１Ｋ",20,"2010年","ＲＣ","住宅","住宅","準工業",60,400,"2021年第2四半期","未改装",""
"中古マンション等","不動産取引価格情報","13108","東京都","江東区","大島","東大島",2,30000000,"１ＬＤＫ",50,"1989年","ＳＲＣ","住宅","住宅","１種住居",60,400,"2021年第1四半期","改装済み",""
"中古マンション等","不動産取引価格情報","13108","東京都","江東区","大島","東大島",3,32000000,"３ＬＤＫ",55,"1981年","ＳＲＣ","住宅","","商業",80,400,"2021年第1四半期","",""
"中古マンション等","不動産取引価格情報","13108","東京都","江東区","大島","東大島",5,37000000,"２ＬＤＫ",70,"1981年","ＳＲＣ","住宅","住宅","準工業",60,300,"2021年第1四半期","改装済み",""
"中古マンション等","不動産取引価格情報","13108","東京都","江東区","大島","東大島",2,39000000,"３ＬＤＫ",65,"1986年","ＳＲＣ","住宅","住宅","１種住居",60,400,"2021年第1四半期","改装済み",""
"中古マンション等","不動産取引価格情報","13108","東京都","江東区","大島","東大島",5,19000000,"１Ｋ",20,"2010年","ＲＣ","住宅","住宅","準工業",60,400,"2021年第1四半期","未改装",""
"中古マンション等","不動産取引価格情報","13108","東京都","江東区","大島","東大島",9,23000000,"１Ｋ",25,"2014年","ＲＣ","住宅","住宅","準工業",60,300,"2021年第1四半期","未改装",""
"中古マンション等","不動産取引価格情報","13108","東京都","江東区","大島","東大島",9,46000000,"３ＬＤＫ",70,"2001年","ＳＲＣ","住宅","住宅","準工業",60,300,"2021年第1四半期","未改装",""
"中古マンション等","不動産取引価格情報","13108","東京都","江東区","大島","東大島",9,23000000,"１Ｋ",25,"2014年","ＲＣ","","住宅","準工業",60,300,"2021年第1四半期","未改装",""
"中古マンション等","不動産取引価格情報","13108","東京都","江東区","大島","東大島",7,46000000,"３ＬＤＫ",65,"2000年","ＳＲＣ","","住宅","準工業",60,300,"2021年第1四半期","改装済み",""
"中古マンション等","不動産取引価格情報","13108","東京都","江東区","大島","東大島",9,24000000,"１Ｋ",25,"2014年","ＲＣ","住宅","その他","準工業",60,300,"2021年第1四半期","未改装",""
"中古マンション等","不動産取引価格情報","13108","東京都","江東区","大島","東大島",5,32000000,"１Ｋ",25,"2020年","ＲＣ","住宅","住宅","商業",80,400,"2020年第4四半期","未改装",""
"中古マンション等","不動産取引価格情報","13108","東京都","江東区","大島","東大島",1,53000000,"３ＬＤＫ",70,"2001年","ＳＲＣ","住宅","住宅","商業",80,500,"2020年第4四半期","未改装",""
"中古マンション等","不動産取引価格情報","13108","東京都","江東区","大島","東大島",1,39000000,"２ＬＤＫ",55,"2001年","ＳＲＣ","住宅","住宅","商業",80,500,"2020年第4四半期","未改装",""
"中古マンション等","不動産取引価格情報","13108","東京都","江東区","大島","東大島",5,32000000,"１Ｋ",25,"2020年","ＲＣ","住宅","住宅","商業","","","2020年第4四半期","未改装",""
"中古マンション等","不動産取引価格情報","13108","東京都","江東区","大島","東大島",10,23000000,"３ＬＤＫ",55,"1976年","ＳＲＣ","住宅","住宅","準工業",60,300,"2020年第4四半期","未改装",""
"中古マンション等","不動産取引価格情報","13108","東京都","江東区","大島","東大島",5,23000000,"３ＬＤＫ",70,"1981年","ＳＲＣ","その他","その他","準工業",60,300,"2020年第4四半期","未改装",""
"中古マンション等","不動産取引価格情報","13108","東京都","江東区","大島","東大島",9,22000000,"１Ｋ",25,"2014年","ＲＣ","住宅","住宅","準工業",60,300,"2020年第4四半期","未改装",""
"中古マンション等","不動産取引価格情報","13108","東京都","江東区","大島","東大島",9,42000000,"３ＬＤＫ",70,"2001年","ＳＲＣ","住宅","住宅","準工業",60,300,"2020年第4四半期","未改装",""
"中古マンション等","不動産取引価格情報","13108","東京都","江東区","大島","東大島",7,32000000,"３ＬＤＫ",65,"2000年","ＳＲＣ","住宅","その他","準工業",60,300,"2020年第4四半期","未改装",""
"中古マンション等","不動産取引価格情報","13108","東京都","江東区","大島","東大島",10,35000000,"３ＬＤＫ",65,"1976年","ＳＲＣ","","住宅","準工業",60,300,"2020年第4四半期","改装済み",""
"中古マンション等","不動産取引価格情報","13108","東京都","江東区","大島","東大島",9,51000000,"４ＬＤＫ",85,"2001年","ＳＲＣ","住宅","住宅","準工業",60,300,"2020年第3四半期","改装済み",""
"中古マンション等","不動産取引価格情報","13108","東京都","江東区","大島","東大島",5,42000000,"３ＬＤＫ",70,"1981年","ＳＲＣ","住宅","住宅","準工業",60,300,"2020年第3四半期","改装済み",""
"中古マンション等","不動産取引価格情報","13108","東京都","江東区","大島","東大島",2,22000000,"２ＤＫ",50,"1989年","ＳＲＣ","住宅","住宅","１種住居",60,400,"2020年第3四半期","未改装",""
"中古マンション等","不動産取引価格情報","13108","東京都","江東区","大島","東大島",5,39000000,"３ＬＤＫ",70,"1981年","ＳＲＣ","住宅","住宅","準工業",60,300,"2020年第3四半期","改装済み",""
"中古マンション等","不動産取引価格情報","13108","東京都","江東区","大島","東大島",2,25000000,"３ＬＤＫ",60,"1986年","ＳＲＣ","","その他","１種住居",60,400,"2020年第3四半期","未改装",""
"中古マンション等","不動産取引価格情報","13108","東京都","江東区","大島","東大島",6,7900000,"１Ｋ",20,"1981年","ＲＣ","住宅","住宅","準工業",60,300,"2020年第3四半期","未改装",""
"中古マンション等","不動産取引価格情報","13108","東京都","江東区","大島","東大島",9,23000000,"１Ｋ",25,"2014年","ＲＣ","住宅","住宅","準工業",60,300,"2020年第3四半期","未改装",""
"中古マンション等","不動産取引価格情報","13108","東京都","江東区","大島","東大島",4,35000000,"２ＤＫ",55,"1996年","ＳＲＣ","住宅","住宅","１種住居",60,300,"2020年第3四半期","改装済み",""
"中古マンション等","不動産取引価格情報","13108","東京都","江東区","大島","東大島",5,20000000,"１Ｋ",20,"2010年","ＲＣ","住宅","住宅","準工業",60,400,"2020年第2四半期","未改装",""
"中古マンション等","不動産取引価格情報","13108","東京都","江東区","大島","東大島",5,19000000,"１ＤＫ",20,"2007年","ＲＣ","住宅","住宅","準工業",60,400,"2020年第2四半期","未改装",""
"中古マンション等","不動産取引価格情報","13108","東京都","江東区","大島","東大島",2,29000000,"２ＬＤＫ",55,"1986年","ＳＲＣ","住宅","住宅","１種住居",60,400,"2020年第2四半期","未改装",""
"中古マンション等","不動産取引価格情報","13108","東京都","江東区","大島","東大島",9,36000000,"３ＬＤＫ",60,"2001年","ＳＲＣ","住宅","住宅","準工業",60,300,"2020年第2四半期","改装済み",""
"中古マンション等","不動産取引価格情報","13108","東京都","江東区","大島","東大島",5,19000000,"１Ｋ",20,"2010年","ＲＣ","住宅","住宅","準工業",60,400,"2020年第2四半期","未改装",""
"中古マンション等","不動産取引価格情報","13108","東京都","江東区","亀戸","東大島",11,50000000,"３ＬＤＫ",75,"2005年","ＲＣ","住宅","住宅","１種住居",60,300,"2025年第1四半期","未改装",""
"中古マンション等","不動産取引価格情報","13108","東京都","江東区","亀戸","東大島",11,37000000,"２ＬＤＫ",65,"2003年","ＳＲＣ","","住宅","準工業",60,300,"2024年第4四半期","",""
"中古マンション等","不動産取引価格情報","13108","東京都","江東区","亀戸","東大島",15,40000000,"３ＬＤＫ",60,"1980年","ＳＲＣ","住宅","住宅","準工業",60,300,"2024年第4四半期","改装済み",""
"中古マンション等","不動産取引価格情報","13108","東京都","江東区","亀戸","東大島",13,18000000,"１ＤＫ",40,"1985年","ＳＲＣ","住宅","住宅","商業",80,500,"2024年第3四半期","改装済み",""
"中古マンション等","不動産取引価格情報","13108","東京都","江東区","亀戸","東大島",12,22000000,"１Ｋ",25,"2008年","ＳＲＣ","住宅","住宅","商業",80,500,"2024年第2四半期","未改装",""
"中古マンション等","不動産取引価格情報","13108","東京都","江東区","亀戸","東大島",9,54000000,"３ＬＤＫ",65,"2009年","ＲＣ","住宅","住宅","準工業",60,300,"2024年第2四半期","未改装",""
"中古マンション等","不動産取引価格情報","13108","東京都","江東区","亀戸","東大島",11,54000000,"２ＬＤＫ",65,"2003年","ＳＲＣ","住宅","住宅","準工業",60,300,"2024年第2四半期","改装済み",""
"中古マンション等","不動産取引価格情報","13108","東京都","江東区","亀戸","東大島",11,37000000,"１ＬＤＫ",65,"2003年","ＳＲＣ","住宅","住宅","準工業",60,300,"2024年第1四半期","未改装",""
"中古マンション等","不動産取引価格情報","13108","東京都","江東区","亀戸","東大島",11,45000000,"３ＬＤＫ",85,"2003年","ＳＲＣ","住宅","住宅","準工業",60,300,"2024年第1四半期","未改装",""
"中古マンション等","不動産取引価格情報","13108","東京都","江東区","亀戸","東大島",11,50000000,"３ＬＤＫ",70,"2003年","ＳＲＣ","住宅","住宅","準工業",60,300,"2024年第1四半期","改装済み",""
"中古マンション等","不動産取引価格情報","13108","東京都","江東区","亀戸","東大島",15,47000000,"３ＬＤＫ",80,"1980年","ＳＲＣ","住宅","住宅","準工業",60,300,"2024年第1四半期","改装済み",""
"中古マンション等","不動産取引価格情報","13108","東京都","江東区","亀戸","東大島",11,61000000,"５ＬＤＫ",90,"2005年","ＲＣ","住宅","住宅","１種住居",60,300,"2023年第4四半期","未改装",""
"中古マンション等","不動産取引価格情報","13108","東京都","江東区","亀戸","東大島",9,48000000,"３ＬＤＫ",75,"1999年","ＳＲＣ","住宅","住宅","１種住居",60,300,"2023年第3四半期","未改装",""
"中古マンション等","不動産取引価格情報","13108","東京都","江東区","亀戸","東大島",11,56000000,"３ＬＤＫ",75,"2005年","ＲＣ","住宅","住宅","１種住居",60,300,"2023年第3四半期","未改装",""
"中古マンション等","不動産取引価格情報","13108","東京都","江東区","亀戸","東大島",11,31000000,"３ＬＤＫ",70,"2005年","ＲＣ","","住宅","１種住居",60,300,"2023年第3四半期","未改装",""
"中古マンション等","不動産取引価格情報","13108","東京都","江東区","亀戸","東大島",11,48000000,"４ＬＤＫ",85,"2003年","ＳＲＣ","住宅","その他","準工業",60,300,"2023年第2四半期","未改装",""
"中古マンション等","不動産取引価格情報","13108","東京都","江東区","亀戸","東大島",11,52000000,"３ＬＤＫ",75,"2005年","ＲＣ","住宅","住宅","１種住居",60,300,"2023年第2四半期","未改装",""
"中古マンション等","不動産取引価格情報","13108","東京都","江東区","亀戸","東大島",11,57000000,"４ＬＤＫ",85,"2005年","ＲＣ","住宅","住宅","１種住居",60,300,"2023年第1四半期","未改装",""
"中古マンション等","不動産取引価格情報","13108","東京都","江東区","亀戸","東大島",11,54000000,"３ＬＤＫ",85,"2003年","ＳＲＣ","住宅","住宅","準工業",60,300,"2022年第4四半期","改装済み",""
"中古マンション等","不動産取引価格情報","13108","東京都","江東区","亀戸","東大島",15,28000000,"３ＬＤＫ",60,"1980年","ＳＲＣ","住宅","その他","準工業",60,300,"2022年第4四半期","未改装",""
"中古マンション等","不動産取引価格情報","13108","東京都","江東区","亀戸","東大島",15,28000000,"３ＬＤＫ",60,"1980年","ＳＲＣ","住宅","その他","準工業",60,300,"2022年第4四半期","未改装",""
"中古マンション等","不動産取引価格情報","13108","東京都","江東区","亀戸","東大島",11,50000000,"３ＬＤＫ",75,"2005年","ＲＣ","","住宅","１種住居",60,300,"2022年第4四半期","未改装",""
"中古マンション等","不動産取引価格情報","13108","東京都","江東区","亀戸","東大島",15,20000000,"",60,"1980年","ＳＲＣ","住宅","住宅","準工業",60,300,"2022年第3四半期","未改装",""
"中古マンション等","不動産取引価格情報","13108","東京都","江東区","亀戸","東大島",9,53000000,"３ＬＤＫ",90,"1999年","ＳＲＣ","住宅","住宅","１種住居",60,300,"2022年第3四半期","未改装",""
"中古マンション等","不動産取引価格情報","13108","東京都","江東区","亀戸","東大島",9,48000000,"３ＬＤＫ",65,"2009年","ＲＣ","住宅","住宅","準工業",60,300,"2022年第2四半期","未改装",""
"中古マンション等","不動産取引価格情報","13108","東京都","江東区","亀戸","東大島",11,39000000,"３ＬＤＫ",75,"2005年","ＲＣ","住宅","住宅","１種住居",60,300,"2022年第1四半期","未改装",""
"中古マンション等","不動産取引価格情報","13108","東京都","江東区","亀戸","東大島",15,35000000,"３ＬＤＫ",65,"1980年","ＳＲＣ","","住宅","準工業",60,300,"2022年第1四半期","改装済み",""
"中古マンション等","不動産取引価格情報","13108","東京都","江東区","亀戸","東大島",11,46000000,"３ＬＤＫ",70,"2005年","ＲＣ","住宅","住宅","１種住居",60,300,"2022年第1四半期","未改装",""
"中古マンション等","不動産取引価格情報","13108","東京都","江東区","亀戸","東大島",11,62000000,"",90,"2005年","ＲＣ","住宅","住宅","１種住居",60,300,"2022年第1四半期","未改装",""
"中古マンション等","不動産取引価格情報","13108","東京都","江東区","亀戸","東大島",9,44000000,"３ＬＤＫ",65,"2009年","ＲＣ","住宅","住宅","準工業",60,300,"2021年第4四半期","未改装",""
"中古マンション等","不動産取引価格情報","13108","東京都","江東区","亀戸","東大島",9,58000000,"４ＬＤＫ",85,"2009年","ＲＣ","住宅","住宅","準工業",60,300,"2021年第4四半期","",""
"中古マンション等","不動産取引価格情報","13108","東京都","江東区","亀戸","東大島",11,59000000,"３ＬＤＫ",80,"2005年","ＲＣ","住宅","住宅","１種住居",60,300,"2021年第4四半期","改装済み",""
"中古マンション等","不動産取引価格情報","13108","東京都","江東区","亀戸","東大島",11,63000000,"４ＬＤＫ",60,"2001年","ＳＲＣ","住宅","住宅","準工業",60,400,"2021年第4四半期","未改装",""
"中古マンション等","不動産取引価格情報","13108","東京都","江東区","亀戸","東大島",9,49000000,"３ＬＤＫ",70,"2009年","ＲＣ","住宅","住宅","準工業",60,300,"2021年第3四半期","未改装",""
"中古マンション等","不動産取引価格情報","13108","東京都","江東区","亀戸","東大島",11,45000000,"３ＬＤＫ",80,"2005年","ＲＣ","住宅","住宅","１種住居",60,300,"2021年第3四半期","未改装",""
"中古マンション等","不動産取引価格情報","13108","東京都","江東区","亀戸","東大島",13,25000000,"１ＬＤＫ",40,"1985年","ＳＲＣ","住宅","住宅","商業",80,500,"2021年第3四半期","改装済み",""
"中古マンション等","不動産取引価格情報","13108","東京都","江東区","亀戸","東大島",11,44000000,"３ＬＤＫ",85,"2003年","ＳＲＣ","住宅","住宅","準工業",60,300,"2021年第2四半期","未改装",""
"中古マンション等","不動産取引価格情報","13108","東京都","江東区","亀戸","東大島",11,48000000,"３ＬＤＫ",70,"2005年","ＲＣ","住宅","住宅","１種住居",60,300,"2021年第1四半期","改装済み",""
"中古マンション等","不動産取引価格情報","13108","東京都","江東区","亀戸","東大島",9,32000000,"３ＬＤＫ",70,"2009年","ＲＣ","住宅","","準工業",60,300,"2021年第1四半期","未改装",""
"中古マンション等","不動産取引価格情報","13108","東京都","江東区","亀戸","東大島",15,24000000,"３ＬＤＫ",65,"1980年","ＳＲＣ","住宅","住宅","準工業",60,300,"2021年第1四半期","未改装",""
"中古マンション等","不動産取引価格情報","13108","東京都","江東区","亀戸","東大島",9,45000000,"３ＬＤＫ",70,"2009年","ＲＣ","住宅","住宅","準工業",60,300,"2021年第1四半期","未改装",""
"中古マンション等","不動産取引価格情報","13108","東京都","江東区","亀戸","東大島",9,53000000,"４ＬＤＫ",90,"2009年","ＲＣ","住宅","住宅","準工業",60,300,"2020年第4四半期","未改装",""
"中古マンション等","不動産取引価格情報","13108","東京都","江東区","亀戸","東大島",15,35000000,"３ＬＤＫ",60,"1980年","ＳＲＣ","住宅","住宅","準工業",60,300,"2020年第4四半期","改装済み",""
"中古マンション等","不動産取引価格情報","13108","東京都","江東区","亀戸","東大島",11,41000000,"３ＬＤＫ",70,"2005年","ＲＣ","住宅","住宅","１種住居",60,300,"2020年第4四半期","未改装",""
"中古マンション等","不動産取引価格情報","13108","東京都","江東区","亀戸","東大島",12,36000000,"２ＬＤＫ",60,"2009年","ＲＣ","住宅","住宅","準工業",60,300,"2020年第4四半期","改装済み",""
"中古マンション等","不動産取引価格情報","13108","東京都","江東区","亀戸","東大島",12,22000000,"１Ｋ",25,"2008年","ＳＲＣ","住宅","住宅","商業",80,500,"2020年第3四半期","未改装",""
"中古マンション等","不動産取引価格情報","13108","東京都","江東区","亀戸","東大島",11,42000000,"３ＬＤＫ",75,"2005年","ＲＣ","住宅","住宅","１種住居",60,300,"2020年第3四半期","未改装",""
"中古マンション等","不動産取引価格情報","13108","東京都","江東区","亀戸","東大島",15,29000000,"３ＬＤＫ",70,"1980年","ＳＲＣ","住宅","住宅","準工業",60,300,"2020年第3四半期","未改装",""
"中古マンション等","不動産取引価格情報","13108","東京都","江東区","東砂","東大島",14,30000000,"",25,"2021年","ＲＣ","住宅","住宅","準工業",60,400,"2024年第4四半期","未改装",""
"中古マンション等","不動産取引価格情報","13108","東京都","江東区","東砂","東大島",14,30000000,"１Ｋ",25,"2021年","ＲＣ","住宅","その他","準工業",60,400,"2024年第4四半期","未改装",""
"中古マンション等","不動産取引価格情報","13108","東京都","江東区","東砂","東大島",13,27000000,"１ＤＫ",25,"2020年","ＲＣ","住宅","住宅","準工業",60,400,"2024年第4四半期","未改装",""
"中古マンション等","不動産取引価格情報","13108","東京都","江東区","東砂","東大島",14,30000000,"",25,"2021年","ＲＣ","","住宅","準工業",60,400,"2024年第4四半期","未改装",""
"中古マンション等","不動産取引価格情報","13108","東京都","江東区","東砂","東大島",14,27000000,"１Ｋ",25,"2021年","ＲＣ","住宅","その他","準工業",60,400,"2024年第3四半期","",""
"中古マンション等","不動産取引価格情報","13108","東京都","江東区","東砂","東大島",13,28000000,"",25,"2020年","ＲＣ","住宅","その他","準工業",60,400,"2024年第3四半期","未改装",""
"中古マンション等","不動産取引価格情報","13108","東京都","江東区","東砂","東大島",14,29000000,"１Ｋ",25,"2021年","ＲＣ","住宅","住宅","準工業",60,400,"2024年第3四半期","未改装",""
"中古マンション等","不動産取引価格情報","13108","東京都","江東区","東砂","東大島",14,28000000,"１Ｋ",25,"2021年","ＲＣ","住宅","住宅","準工業",60,400,"2024年第3四半期","未改装",""
"中古マンション等","不動産取引価格情報","13108","東京都","江東区","東砂","東大島",11,13000000,"３ＬＤＫ",60,"1982年","ＳＲＣ","住宅","住宅","準工業",60,400,"2024年第3四半期","改装済み",""
"中古マンション等","不動産取引価格情報","13108","東京都","江東区","東砂","東大島",14,31000000,"２Ｋ",25,"2021年","ＲＣ","住宅","住宅","準工業",60,400,"2024年第3四半期","未改装",""
"中古マンション等","不動産取引価格情報","13108","東京都","江東区","東砂","東大島",8,10000000,"３ＬＤＫ",60,"1987年","ＳＲＣ","住宅","住宅","準工業",60,400,"2024年第3四半期","未改装",""
"中古マンション等","不動産取引価格情報","13108","東京都","江東区","東砂","東大島",10,28000000,"１Ｋ",25,"2015年","ＲＣ","住宅","住宅","１種住居",60,300,"2024年第2四半期","未改装",""
"中古マンション等","不動産取引価格情報","13108","東京都","江東区","東砂","東大島",14,32000000,"３ＬＤＫ",75,"1982年","ＳＲＣ","住宅","住宅","準工業",60,300,"2024年第2四半期","改装済み",""
"中古マンション等","不動産取引価格情報","13108","東京都","江東区","東砂","東大島",8,40000000,"２ＬＤＫ",60,"1987年","ＳＲＣ","住宅","住宅","準工業",60,400,"2024年第2四半期","改装済み",""
"中古マンション等","不動産取引価格情報","13108","東京都","江東区","東砂","東大島",15,40000000,"３ＬＤＫ",70,"1999年","ＳＲＣ","","住宅","準工業",60,400,"2024年第2四半期","未改装",""
"中古マンション等","不動産取引価格情報","13108","東京都","江東区","東砂","東大島",14,31000000,"１Ｋ",25,"2021年","ＲＣ","住宅","住宅","準工業",60,400,"2024年第2四半期","未改装",""
"中古マンション等","不動産取引価格情報","13108","東京都","江東区","東砂","東大島",11,29000000,"３ＬＤＫ",60,"1982年","ＳＲＣ","住宅","住宅","準工業",60,400,"2024年第1四半期","未改装",""
"中古マンション等","不動産取引価格情報","13108","東京都","江東区","東砂","東大島",13,50000000,"４ＬＤＫ",80,"2003年","ＲＣ","住宅","住宅","準工業",60,300,"2023年第4四半期","改装済み",""
"中古マンション等","不動産取引価格情報","13108","東京都","江東区","東砂","東大島",10,27000000,"１Ｋ",25,"2015年","ＲＣ","住宅","住宅","１種住居",60,300,"2023年第4四半期","未改装",""
"中古マンション等","不動産取引価格情報","13108","東京都","江東区","東砂","東大島",15,41000000,"３ＬＤＫ",70,"2010年","ＳＲＣ","","住宅","準工業",60,400,"2023年第4四半期","未改装",""
"中古マンション等","不動産取引価格情報","13108","東京都","江東区","東砂","東大島",10,27000000,"１Ｋ",25,"2015年","ＲＣ","住宅","住宅","１種住居",60,300,"2023年第4四半期","未改装",""
"中古マンション等","不動産取引価格情報","13108","東京都","江東区","東砂","東大島",14,51000000,"３ＬＤＫ",70,"2009年","ＲＣ","住宅","住宅","準工業",60,400,"2023年第3四半期","未改装",""
"中古マンション等","不動産取引価格情報","13108","東京都","江東区","東砂","東大島",8,40000000,"３ＬＤＫ",70,"1987年","ＳＲＣ","住宅","住宅","準工業",60,400,"2023年第3四半期","改装済み",""
"中古マンション等","不動産取引価格情報","13108","東京都","江東区","東砂","東大島",16,37000000,"２ＬＤＫ",65,"2008年","ＲＣ","住宅","住宅","準工業",60,300,"2023年第3四半期","改装済み",""
"中古マンション等","不動産取引価格情報","13108","東京都","江東区","東砂","東大島",21,26000000,"３ＬＤＫ",70,"1999年","ＲＣ","住宅","住宅","準工業",60,300,"2023年第3四半期","未改装",""
"中古マンション等","不動産取引価格情報","13108","東京都","江東区","東砂","東大島",19,26000000,"２ＬＤＫ",55,"1996年","ＲＣ","住宅","住宅","準工業",60,300,"2023年第3四半期","未改装",""
"中古マンション等","不動産取引価格情報","13108","東京都","江東区","東砂","東大島",8,28000000,"３ＤＫ",60,"1987年","ＳＲＣ","住宅","住宅","準工業",60,400,"2023年第2四半期","未改装",""
"中古マンション等","不動産取引価格情報","13108","東京都","江東区","東砂","東大島",10,28000000,"１Ｋ",25,"2015年","ＲＣ","住宅","住宅","１種住居",60,300,"2023年第2四半期","未改装",""
"中古マンション等","不動産取引価格情報","13108","東京都","江東区","東砂","東大島",10,26000000,"１Ｋ",25,"2015年","ＲＣ","住宅","住宅","１種住居",60,300,"2023年第2四半期","未改装",""
"中古マンション等","不動産取引価格情報","13108","東京都","江東区","東砂","東大島",14,43000000,"２ＬＤＫ",60,"2009年","ＲＣ","住宅","住宅","準工業",60,400,"2023年第1四半期","改装済み",""
"中古マンション等","不動産取引価格情報","13108","東京都","江東区","東砂","東大島",9,45000000,"３ＬＤＫ",75,"1987年","ＳＲＣ","住宅","住宅","準工業",60,400,"2023年第1四半期","改装済み",""
"中古マンション等","不動産取引価格情報","13108","東京都","江東区","東砂","東大島",18,35000000,"３ＬＤＫ",70,"2005年","ＲＣ","住宅","住宅","準工業",60,400,"2023年第1四半期","未改装",""
"中古マンション等","不動産取引価格情報","13108","東京都","江東区","東砂","東大島",15,44000000,"２ＬＤＫ",70,"2010年","ＳＲＣ","住宅","住宅","準工業",60,400,"2022年第4四半期","未改装",""
"中古マンション等","不動産取引価格情報","13108","東京都","江東区","東砂","東大島",15,46000000,"２ＬＤＫ",70,"2010年","ＳＲＣ","住宅","住宅","準工業",60,400,"2022年第4四半期","未改装",""
"中古マンション等","不動産取引価格情報","13108","東京都","江東区","東砂","東大島",10,28000000,"１Ｋ",25,"2015年","ＲＣ","住宅","住宅","１種住居",60,300,"2022年第4四半期","改装済み",""
"中古マンション等","不動産取引価格情報","13108","東京都","江東区","東砂","東大島",10,26000000,"１Ｋ",25,"2015年","ＲＣ","住宅","住宅","１種住居",60,300,"2022年第3四半期","未改装",""
"中古マンション等","不動産取引価格情報","13108","東京都","江東区","東砂","東大島",15,31000000,"３ＬＤＫ",65,"1982年","ＳＲＣ","住宅","住宅","準工業",60,300,"2022年第2四半期","改装済み",""
"中古マンション等","不動産取引価格情報","13108","東京都","江東区","東砂","東大島",9,52000000,"３ＬＤＫ",65,"2015年","ＲＣ","住宅","住宅","１種住居",60,400,"2022年第2四半期","未改装",""
"中古マンション等","不動産取引価格情報","13108","東京都","江東区","東砂","東大島",10,26000000,"１Ｋ",25,"2015年","ＲＣ","住宅","住宅","１種住居",60,300,"2022年第2四半期","",""
"中古マンション等","不動産取引価格情報","13108","東京都","江東区","東砂","東大島",11,32000000,"２ＬＤＫ",50,"1982年","ＳＲＣ","住宅","住宅","準工業",60,400,"2022年第2四半期","改装済み",""
"中古マンション等","不動産取引価格情報","13108","東京都","江東区","東砂","東大島",10,25000000,"１Ｋ",25,"2015年","ＲＣ","住宅","住宅","１種住居",60,300,"2022年第2四半期","未改装",""
"中古マンション等","不動産取引価格情報","13108","東京都","江東区","東砂","東大島",9,50000000,"３ＬＤＫ",60,"2015年","ＲＣ","住宅","住宅","１種住居",60,400,"2022年第2四半期","未改装",""
"中古マンション等","不動産取引価格情報","13108","東京都","江東区","東砂","東大島",13,34000000,"３ＬＤＫ",70,"2003年","ＲＣ","住宅","住宅","準工業",60,300,"2022年第2四半期","未改装",""
"中古マンション等","不動産取引価格情報","13108","東京都","江東区","東砂","東大島",10,24000000,"１ＬＤＫ",25,"2015年","ＲＣ","住宅","その他","１種住居",60,300,"2022年第1四半期","未改装",""
"中古マンション等","不動産取引価格情報","13108","東京都","江東区","東砂","東大島",10,25000000,"１Ｋ",25,"2015年","ＲＣ","住宅","住宅","１種住居",60,300,"2022年第1四半期","未改装",""
"中古マンション等","不動産取引価格情報","13108","東京都","江東区","東砂","東大島",14,42000000,"２ＬＤＫ",55,"2009年","ＲＣ","住宅","住宅","準工業",60,400,"2022年第1四半期","未改装",""
"中古マンション等","不動産取引価格情報","13108","東京都","江東区","東砂","東大島",21,21000000,"３ＬＤＫ",65,"1999年","ＲＣ","住宅","その他","準工業",60,200,"2022年第1四半期","未改装",""
"中古マンション等","不動産取引価格情報","13108","東京都","江東区","東砂","東大島",17,38000000,"３ＬＤＫ",65,"2005年","ＲＣ","住宅","住宅","準工業",60,400,"2022年第1四半期","未改装",""
"中古マンション等","不動産取引価格情報","13108","東京都","江東区","東砂","東大島",10,24000000,"１Ｋ",25,"2015年","ＲＣ","住宅","住宅","１種住居",60,300,"2022年第1四半期","未改装",""
"中古マンション等","不動産取引価格情報","13108","東京都","江東区","東砂","東大島",11,28000000,"３ＬＤＫ",60,"1982年","ＳＲＣ","住宅","住宅","準工業",60,400,"2021年第4四半期","未改装",""
"中古マンション等","不動産取引価格情報","13108","東京都","江東区","東砂","東大島",15,22000000,"３ＬＤＫ",65,"1982年","ＳＲＣ","住宅","住宅","準工業",60,300,"2021年第4四半期","未改装",""
"中古マンション等","不動産取引価格情報","13108","東京都","江東区","東砂","東大島",10,25000000,"１Ｋ",25,"2015年","ＲＣ","住宅","住宅","１種住居",60,300,"2021年第3四半期","改装済み",""
"中古マンション等","不動産取引価格情報","13108","東京都","江東区","東砂","東大島",9,44000000,"３ＬＤＫ",60,"2015年","ＲＣ","住宅","住宅","１種住居",60,400,"2021年第3四半期","未改装",""
"中古マンション等","不動産取引価格情報","13108","東京都","江東区","東砂","東大島",15,40000000,"３ＬＤＫ",85,"1982年","ＳＲＣ","住宅","住宅","準工業",60,300,"2021年第3四半期","未改装",""
"中古マンション等","不動産取引価格情報","13108","東京都","江東区","東砂","東大島",13,40000000,"３ＬＤＫ",85,"2003年","ＲＣ","住宅","住宅","準工業",60,300,"2021年第3四半期","未改装",""
"中古マンション等","不動産取引価格情報","13108","東京都","江東区","東砂","東大島",10,23000000,"１Ｋ",25,"2015年","ＲＣ","住宅","その他","１種住居",60,300,"2021年第2四半期","",""
"中古マンション等","不動産取引価格情報","13108","東京都","江東区","東砂","東大島",9,39000000,"３ＬＤＫ",80,"1987年","ＳＲＣ","住宅","住宅","準工業",60,400,"2021年第2四半期","改装済み",""
"中古マンション等","不動産取引価格情報","13108","東京都","江東区","東砂","東大島",21,31000000,"３ＬＤＫ",75,"1999年","ＲＣ","住宅","住宅","準工業",60,200,"2021年第2四半期","未改装",""
"中古マンション等","不動産取引価格情報","13108","東京都","江東区","東砂","東大島",13,35000000,"３ＬＤＫ",70,"2003年","ＲＣ","住宅","住宅","準工業",60,300,"2021年第1四半期","改装済み",""
"中古マンション等","不動産取引価格情報","13108","東京都","江東区","東砂","東大島",11,19000000,"２ＤＫ",60,"1982年","ＳＲＣ","住宅","住宅","準工業",60,400,"2021年第1四半期","改装済み",""
"中古マンション等","不動産取引価格情報","13108","東京都","江東区","東砂","東大島",11,23000000,"３ＬＤＫ",50,"1982年","ＳＲＣ","住宅","住宅","準工業",60,400,"2021年第1四半期","未改装",""
"中古マンション等","不動産取引価格情報","13108","東京都","江東区","東砂","東大島",11,23000000,"２ＬＤＫ",40,"1982年","ＳＲＣ","","住宅","準工業",60,400,"2021年第1四半期","未改装",""
"中古マンション等","不動産取引価格情報","13108","東京都","江東区","東砂","東大島",11,32000000,"３ＬＤＫ",55,"1982年","ＳＲＣ","住宅","住宅","準工業",60,400,"2020年第4四半期","改装済み",""
"中古マンション等","不動産取引価格情報","13108","東京都","江東区","東砂","東大島",11,16000000,"３ＬＤＫ",60,"1982年","ＳＲＣ","住宅","住宅","準工業",60,400,"2020年第4四半期","未改装",""
"中古マンション等","不動産取引価格情報","13108","東京都","江東区","東砂","東大島",9,41000000,"２ＬＤＫ",50,"2015年","ＲＣ","住宅","住宅","１種住居",60,400,"2020年第4四半期","未改装",""
"中古マンション等","不動産取引価格情報","13108","東京都","江東区","東砂","東大島",14,35000000,"３ＬＤＫ",80,"1982年","ＲＣ","住宅","住宅","準工業",60,300,"2020年第4四半期","改装済み",""
"中古マンション等","不動産取引価格情報","13108","東京都","江東区","東砂","東大島",10,25000000,"１Ｋ",25,"2015年","ＲＣ","住宅","住宅","１種住居",60,300,"2020年第3四半期","未改装",""
"中古マンション等","不動産取引価格情報","13108","東京都","江東区","東砂","東大島",11,34000000,"３ＬＤＫ",60,"1982年","ＳＲＣ","住宅","住宅","準工業",60,400,"2020年第3四半期","改装済み",""
"中古マンション等","不動産取引価格情報","13108","東京都","江東区","東砂","東大島",14,30000000,"３ＬＤＫ",70,"1982年","ＳＲＣ","住宅","住宅","準工業",60,300,"2020年第3四半期","改装済み",""
"中古マンション等","不動産取引価格情報","13108","東京都","江東区","東砂","東大島",14,25000000,"３ＬＤＫ",75,"1982年","ＳＲＣ","住宅","住宅","準工業",60,300,"2020年第2四半期","改装済み",""
"中古マンション等","不動産取引価格情報","13108","東京都","江東区","東砂","東大島",9,32000000,"３ＬＤＫ",60,"1987年","ＳＲＣ","住宅","住宅","準工業",60,400,"2020年第2四半期","改装済み",""
"中古マンション等","不動産取引価格情報","13108","東京都","江東区","東砂","東大島",15,13000000,"",65,"1982年","ＲＣ","住宅","住宅","準工業",60,300,"2020年第2四半期","",""
"中古マンション等","不動産取引価格情報","13108","東京都","江東区","東砂","東大島",14,38000000,"３ＬＤＫ",65,"2009年","ＲＣ","","住宅","準工業",60,400,"2020年第2四半期","未改装",""
"中古マンション等","不動産取引価格情報","13108","東京都","江東区","東砂","東大島",15,24000000,"３ＬＤＫ",65,"1999年","ＳＲＣ","住宅","住宅","準工業",60,400,"2020年第2四半期","未改装",""
"中古マンション等","成約価格情報","13123","東京都","江戸川区","小松川","東大島",9,62000000,"３ＬＤＫ",85,"2008年","ＲＣ","","","１種住居","","","2021年第1四半期","",""
"中古マンション等","成約価格情報","13123","東京都","江戸川区","小松川","東大島",9,44000000,"３ＬＤＫ",75,"2008年","ＲＣ","","","１種住居","","","2021年第1四半期","",""
"中古マンション等","成約価格情報","13123","東京都","江戸川区","小松川","東大島",2,24000000,"２ＤＫ",50,"1989年","ＳＲＣ","","","１種住居","","","2021年第2四半期","",""
"中古マンション等","成約価格情報","13123","東京都","江戸川区","小松川","東大島",10,32000000,"３ＬＤＫ",65,"1993年","ＳＲＣ","","","近隣商業","","","2021年第2四半期","改装済み",""
"中古マンション等","成約価格情報","13123","東京都","江戸川区","小松川","東大島",10,33000000,"３ＬＤＫ",90,"1994年","ＲＣ","","","準工業","","","2021年第2四半期","",""
"中古マンション等","成約価格情報","13123","東京都","江戸川区","小松川","東大島",1,28000000,"１ＬＤＫ＋Ｓ",55,"1988年","ＳＲＣ","","","１種住居","","","2021年第3四半期","",""
"中古マンション等","成約価格情報","13123","東京都","江戸川区","小松川","東大島",9,58000000,"３ＬＤＫ",85,"2008年","ＲＣ","","","準工業","","","2021年第4四半期","",""
"中古マンション等","成約価格情報","13123","東京都","江戸川区","小松川","東大島",10,37000000,"３ＬＤＫ",80,"1993年","ＲＣ","","","１種住居","","","2022年第1四半期","",""
"中古マンション等","成約価格情報","13123","東京都","江戸川区","小松川","東大島",14,36000000,"３ＬＤＫ",80,"1997年","ＳＲＣ","","","１種住居","","","2022年第1四半期","",""
"中古マンション等","成約価格情報","13123","東京都","江戸川区","小松川","東大島",14,25000000,"２ＬＤＫ",60,"1997年","ＳＲＣ","","","１種住居","","","2022年第1四半期","",""
"中古マンション等","成約価格情報","13123","東京都","江戸川区","小松川","東大島",9,51000000,"３ＬＤＫ",75,"2008年","ＲＣ","","","準工業","","","2022年第1四半期","",""
"中古マンション等","成約価格情報","13123","東京都","江戸川区","小松川","東大島",15,29000000,"２ＬＤＫ",70,"1996年","ＳＲＣ","","","１種住居","","","2022年第2四半期","",""
"中古マンション等","成約価格情報","13123","東京都","江戸川区","小松川","東大島",15,36000000,"３ＬＤＫ",75,"1996年","ＳＲＣ","","","１種住居","","","2022年第2四半期","",""
"中古マンション等","成約価格情報","13123","東京都","江戸川区","小松川","東大島",10,27000000,"１ＬＤＫ",60,"1993年","ＳＲＣ","","","","","","2022年第2四半期","",""
"中古マンション等","成約価格情報","13123","東京都","江戸川区","小松川","東大島",12,37000000,"３ＬＤＫ",80,"1997年","ＳＲＣ","","","１種住居","","","2022年第3四半期","",""
"中古マンション等","成約価格情報","13123","東京都","江戸川区","小松川","東大島",3,30000000,"１ＬＤＫ",55,"1989年","ＲＣ","","","１種住居","","","2022年第3四半期","",""
"中古マンション等","成約価格情報","13123","東京都","江戸川区","小松川","東大島",2,33000000,"４ＬＤＫ",90,"1989年","ＲＣ","","","１種住居","","","2022年第3四半期","",""
"中古マンション等","成約価格情報","13123","東京都","江戸川区","船堀","東大島",15,31000000,"３ＬＤＫ",75,"1980年","ＳＲＣ","","","準工業","","","2022年第3四半期","",""
"中古マンション等","成約価格情報","13123","東京都","江戸川区","小松川","東大島",10,32000000,"２ＬＤＫ",65,"1993年","ＲＣ","","","１種住居","","","2022年第4四半期","",""
"中古マンション等","成約価格情報","13123","東京都","江戸川区","小松川","東大島",11,25000000,"２ＤＫ",55,"1986年","ＳＲＣ","","","近隣商業","","","2022年第4四半期","",""
"中古マンション等","成約価格情報","13123","東京都","江戸川区","小松川","東大島",11,31000000,"３ＬＤＫ",75,"1994年","ＲＣ","","","１種住居","","","2023年第1四半期","",""
"中古マンション等","成約価格情報","13123","東京都","江戸川区","小松川","東大島",1,39000000,"３ＬＤＫ",65,"1988年","ＳＲＣ","","","","","","2023年第1四半期","",""
"中古マンション等","成約価格情報","13123","東京都","江戸川区","小松川","東大島",13,53000000,"４ＬＤＫ",95,"1997年","ＲＣ","","","１種住居","","","2023年第1四半期","",""
"中古マンション等","成約価格情報","13123","東京都","江戸川区","小松川","東大島",2,45000000,"３ＬＤＫ",115,"1989年","ＳＲＣ","","","１種住居","","","2023年第1四半期","",""
"中古マンション等","成約価格情報","13123","東京都","江戸川区","小松川","東大島",1,36000000,"４ＬＤＫ",90,"1989年","ＲＣ","","","１種住居","","","2023年第2四半期","",""
"中古マンション等","成約価格情報","13123","東京都","江戸川区","小松川","東大島",17,60000000,"３ＬＤＫ",75,"2022年","ＲＣ","","","１種住居","","","2023年第2四半期","",""
"中古マンション等","成約価格情報","13123","東京都","江戸川区","小松川","東大島",12,59000000,"３ＬＤＫ",85,"2008年","ＲＣ","","","１種住居","","","2023年第2四半期","",""
"中古マンション等","成約価格情報","13123","東京都","江戸川区","小松川","東大島",9,53000000,"３ＬＤＫ",75,"2008年","ＲＣ","","","１種住居","","","2023年第2四半期","",""
"中古マンション等","成約価格情報","13123","東京都","江戸川区","小松川","東大島",2,38000000,"３ＬＤＫ",85,"1989年","ＲＣ","","","１種住居","","","2023年第2四半期","",""
"中古マンション等","成約価格情報","13123","東京都","江戸川区","小松川","東大島",15,35000000,"３ＬＤＫ",75,"1996年","ＳＲＣ","","","１種住居","","","2023年第3四半期","",""
"中古マンション等","成約価格情報","13123","東京都","江戸川区","小松川","東大島",3,50000000,"２ＬＤＫ",85,"1989年","ＳＲＣ","","","１種住居","","","2023年第3四半期","",""
"中古マンション等","成約価格情報","13123","東京都","江戸川区","小松川","東大島",9,54000000,"３ＬＤＫ",75,"2008年","ＲＣ","","","","","","2023年第3四半期","",""
"中古マンション等","成約価格情報","13123","東京都","江戸川区","小松川","東大島",1,50000000,"４ＬＤＫ＋Ｓ",95,"1988年","ＳＲＣ","","","１種住居","","","2023年第4四半期","",""
"中古マンション等","成約価格情報","13123","東京都","江戸川区","小松川","東大島",9,26000000,"２ＤＫ",55,"1994年","ＳＲＣ","","","１種住居","","","2024年第1四半期","",""
"中古マンション等","成約価格情報","13123","東京都","江戸川区","小松川","東大島",3,36000000,"３ＬＤＫ",75,"1989年","ＳＲＣ","","","","","","2024年第1四半期","",""
"中古マンション等","成約価格情報","13123","東京都","江戸川区","小松川","東大島",3,36000000,"３ＬＤＫ",75,"1989年","ＳＲＣ","","","","","","2024年第1四半期","",""
"中古マンション等","成約価格情報","13123","東京都","江戸川区","小松川","東大島",10,56000000,"３ＬＤＫ",85,"2008年","ＲＣ","","","１種住居","","","2024年第2四半期","",""
"中古マンション等","成約価格情報","13123","東京都","江戸川区","小松川","東大島",12,51000000,"３ＬＤＫ",70,"2008年","ＲＣ","","","１低住専","","","2024年第2四半期","",""
"中古マンション等","成約価格情報","13123","東京都","江戸川区","小松川","東大島",13,55000000,"５ＬＤＫ",125,"1997年","ＳＲＣ","","","１種住居","","","2024年第3四半期","",""
"中古マンション等","成約価格情報","13123","東京都","江戸川区","小松川","東大島",13,58000000,"３ＬＤＫ",115,"1997年","ＳＲＣ","","","","","","2024年第4四半期","",""
"中古マンション等","成約価格情報","13123","東京都","江戸川区","小松川","東大島",12,49000000,"３ＬＤＫ",70,"2008年","ＲＣ","","","１種住居","","","2024年第4四半期","",""
"中古マンション等","成約価格情報","13123","東京都","江戸川区","小松川","東大島",9,60000000,"３ＬＤＫ",75,"2008年","ＲＣ","","","１種住居","","","2024年第4四半期","",""
"中古マンション等","不動産取引価格情報","13123","東京都","江戸川区","小松川","東大島",14,59000000,"４ＬＤＫ",90,"1997年","ＳＲＣ","住宅","住宅","準工業",60,400,"2024年第4四半期","改装済み",""
"中古マンション等","不動産取引価格情報","13123","東京都","江戸川区","小松川","東大島",12,19000000,"オープンフロア",45,"","ＳＲＣ","店舗","店舗","近隣商業",80,300,"2024年第3四半期","未改装",""
"中古マンション等","不動産取引価格情報","13123","東京都","江戸川区","小松川","東大島",16,28000000,"３ＬＤＫ",60,"1996年","ＳＲＣ","住宅","","１種住居",60,300,"2024年第3四半期","未改装",""
"中古マンション等","不動産取引価格情報","13123","東京都","江戸川区","小松川","東大島",13,28000000,"２ＤＫ",50,"","ＳＲＣ","住宅","住宅","近隣商業",80,300,"2024年第2四半期","未改装",""
"中古マンション等","不動産取引価格情報","13123","東京都","江戸川区","小松川","東大島",14,39000000,"４ＬＤＫ",90,"1997年","ＳＲＣ","住宅","住宅","準工業",60,400,"2024年第2四半期","未改装",""
"中古マンション等","不動産取引価格情報","13123","東京都","江戸川区","小松川","東大島",10,50000000,"３ＬＤＫ",70,"2008年","ＲＣ","住宅","住宅","１種住居",60,300,"2024年第2四半期","未改装",""
"中古マンション等","不動産取引価格情報","13123","東京都","江戸川区","小松川","東大島",1,48000000,"３ＬＤＫ",70,"1988年","ＳＲＣ","住宅","住宅","１種住居",60,400,"2024年第2四半期","改装済み",""
"中古マンション等","不動産取引価格情報","13123","東京都","江戸川区","小松川","東大島",15,28000000,"２ＬＤＫ",65,"","","","住宅","近隣商業",80,300,"2024年第1四半期","未改装",""
"中古マンション等","不動産取引価格情報","13123","東京都","江戸川区","小松川","東大島",12,42000000,"２ＬＤＫ＋Ｓ",60,"1994年","ＳＲＣ","住宅","住宅","１種住居",60,300,"2024年第1四半期","改装済み",""
"中古マンション等","不動産取引価格情報","13123","東京都","江戸川区","小松川","東大島",12,53000000,"３ＬＤＫ",75,"1994年","ＳＲＣ","住宅","住宅","１種住居",60,300,"2024年第1四半期","改装済み",""
"中古マンション等","不動産取引価格情報","13123","東京都","江戸川区","小松川","東大島",12,35000000,"３ＬＤＫ",75,"1994年","ＳＲＣ","住宅","住宅","工業",60,200,"2023年第4四半期","",""
"中古マンション等","不動産取引価格情報","13123","東京都","江戸川区","小松川","東大島",2,17000000,"２ＤＫ",45,"1989年","ＳＲＣ","住宅","住宅","１種住居",60,400,"2023年第4四半期","未改装",""
"中古マンション等","不動産取引価格情報","13123","東京都","江戸川区","小松川","東大島",14,38000000,"４ＬＤＫ",90,"1997年","ＳＲＣ","住宅","住宅","準工業",60,400,"2023年第4四半期","未改装",""
"中古マンション等","不動産取引価格情報","13123","東京都","江戸川区","小松川","東大島",1,38000000,"２ＬＤＫ",60,"1988年","ＳＲＣ","住宅","住宅","１種住居",60,400,"2023年第3四半期","改装済み",""
"中古マンション等","不動産取引価格情報","13123","東京都","江戸川区","小松川","東大島",10,27000000,"２ＬＤＫ",60,"1994年","ＳＲＣ","住宅","住宅","１種住居",60,300,"2023年第3四半期","未改装",""
"中古マンション等","不動産取引価格情報","13123","東京都","江戸川区","小松川","東大島",1,26000000,"オープンフロア",45,"1988年","ＲＣ","","店舗","１種住居",60,400,"2023年第2四半期","未改装",""
"中古マンション等","不動産取引価格情報","13123","東京都","江戸川区","小松川","東大島",1,42000000,"３ＬＤＫ",75,"1989年","ＲＣ","住宅","住宅","１種住居",60,400,"2023年第2四半期","改装済み",""
"中古マンション等","不動産取引価格情報","13123","東京都","江戸川区","小松川","東大島",2,36000000,"４ＬＤＫ",85,"1989年","ＲＣ","","住宅","１種住居",60,400,"2023年第2四半期","未改装",""
"中古マンション等","不動産取引価格情報","13123","東京都","江戸川区","小松川","東大島",1,36000000,"２ＬＤＫ＋Ｓ",60,"1988年","ＳＲＣ","住宅","住宅","１種住居",60,400,"2023年第1四半期","改装済み",""
"中古マンション等","不動産取引価格情報","13123","東京都","江戸川区","小松川","東大島",11,40000000,"３ＬＤＫ",65,"1986年","ＳＲＣ","住宅","住宅","近隣商業",80,300,"2023年第1四半期","改装済み",""
"中古マンション等","不動産取引価格情報","13123","東京都","江戸川区","小松川","東大島",14,53000000,"４ＬＤＫ",80,"2001年","ＳＲＣ","住宅","住宅","１種住居",60,300,"2023年第1四半期","改装済み",""
"中古マンション等","不動産取引価格情報","13123","東京都","江戸川区","小松川","東大島",14,40000000,"４ＬＤＫ",80,"2001年","ＳＲＣ","住宅","住宅","１種住居",60,300,"2023年第1四半期","未改装",""
"中古マンション等","不動産取引価格情報","13123","東京都","江戸川区","小松川","東大島",1,30000000,"",60,"1988年","ＳＲＣ","","住宅","１種住居",60,400,"2022年第4四半期","未改装",""
"中古マンション等","不動産取引価格情報","13123","東京都","江戸川区","小松川","東大島",2,36000000,"２ＬＤＫ",55,"1989年","ＲＣ","住宅","住宅","１種住居",60,400,"2022年第4四半期","改装済み",""
"中古マンション等","不動産取引価格情報","13123","東京都","江戸川区","小松川","東大島",1,32000000,"３ＬＤＫ",75,"1989年","ＲＣ","住宅","住宅","１種住居",80,400,"2022年第4四半期","改装済み",""
"中古マンション等","不動産取引価格情報","13123","東京都","江戸川区","小松川","東大島",10,51000000,"３ＬＤＫ",80,"1993年","ＲＣ","住宅","住宅","１種住居",60,300,"2022年第4四半期","改装済み",""
"中古マンション等","不動産取引価格情報","13123","東京都","江戸川区","小松川","東大島",14,14000000,"２ＬＤＫ",50,"1993年","ＳＲＣ","","その他","準工業",60,300,"2022年第2四半期","未改装",""
"中古マンション等","不動産取引価格情報","13123","東京都","江戸川区","小松川","東大島",13,48000000,"３ＬＤＫ",70,"","","","住宅","１種住居",60,300,"2022年第1四半期","改装済み",""
"中古マンション等","不動産取引価格情報","13123","東京都","江戸川区","小松川","東大島",14,100000000,"オープンフロア",150,"1996年","ＲＣ","","事務所","準工業",60,300,"2021年第4四半期","",""
"中古マンション等","不動産取引価格情報","13123","東京都","江戸川区","小松川","東大島",14,32000000,"４ＬＤＫ",100,"1996年","ＲＣ","","住宅","準工業",60,300,"2021年第4四半期","",""
"中古マンション等","不動産取引価格情報","13123","東京都","江戸川区","小松川","東大島",9,40000000,"４ＬＤＫ",80,"1986年","ＲＣ","住宅","住宅","近隣商業",80,300,"2021年第4四半期","改装済み",""
"中古マンション等","不動産取引価格情報","13123","東京都","江戸川区","小松川","東大島",2,26000000,"１ＤＫ",45,"1989年","ＳＲＣ","住宅","住宅","１種住居",60,400,"2021年第3四半期","未改装",""
"中古マンション等","不動産取引価格情報","13123","東京都","江戸川区","小松川","東大島",1,28000000,"１ＬＤＫ＋Ｓ",50,"1988年","ＳＲＣ","住宅","住宅","１種住居",60,400,"2021年第3四半期","未改装",""
"中古マンション等","不動産取引価格情報","13123","東京都","江戸川区","小松川","東大島",2,37000000,"３ＬＤＫ",80,"1989年","ＳＲＣ","住宅","住宅","１種住居",60,400,"2021年第3四半期","未改装",""
"中古マンション等","不動産取引価格情報","13123","東京都","江戸川区","小松川","東大島",14,33000000,"４ＬＤＫ",80,"2001年","ＳＲＣ","住宅","住宅","１種住居",60,300,"2021年第2四半期","未改装",""
"中古マンション等","不動産取引価格情報","13123","東京都","江戸川区","小松川","東大島",1,40000000,"３ＬＤＫ",65,"1988年","ＳＲＣ","","住宅","１種住居",60,400,"2021年第2四半期","改装済み",""
"中古マンション等","不動産取引価格情報","13123","東京都","江戸川区","小松川","東大島",1,30000000,"２ＤＫ",50,"1988年","ＳＲＣ","住宅","住宅","１種住居",60,400,"2021年第2四半期","改装済み",""
"中古マンション等","不動産取引価格情報","13123","東京都","江戸川区","小松川","東大島",10,53000000,"４ＬＤＫ",65,"1994年","ＳＲＣ","","住宅","１種住居",60,300,"2021年第1四半期","改装済み",""
"中古マンション等","不動産取引価格情報","13123","東京都","江戸川区","小松川","東大島",9,24000000,"４ＬＤＫ",80,"1986年","ＲＣ","","住宅","近隣商業",80,300,"2021年第1四半期","未改装",""
"中古マンション等","不動産取引価格情報","13123","東京都","江戸川区","小松川","東大島",11,10000000,"２ＤＫ",50,"1986年","ＳＲＣ","住宅","その他","近隣商業",80,300,"2020年第4四半期","未改装",""
"中古マンション等","不動産取引価格情報","13123","東京都","江戸川区","小松川","東大島",10,43000000,"",65,"2008年","ＲＣ","住宅","住宅","１種住居",60,300,"2020年第4四半期","未改装",""
"中古マンション等","不動産取引価格情報","13123","東京都","江戸川区","小松川","東大島",2,48000000,"４ＬＤＫ",100,"1989年","ＲＣ","","住宅","１種住居",60,400,"2020年第4四半期","改装済み",""
"中古マンション等","不動産取引価格情報","13123","東京都","江戸川区","小松川","東大島",10,50000000,"３ＬＤＫ",80,"2008年","ＲＣ","住宅","","１種住居",60,300,"2020年第4四半期","改装済み",""
"中古マンション等","不動産取引価格情報","13123","東京都","江戸川区","小松川","東大島",2,38000000,"３ＬＤＫ",75,"1989年","ＲＣ","住宅","住宅","１種住居",60,400,"2020年第4四半期","改装済み",""
"中古マンション等","不動産取引価格情報","13123","東京都","江戸川区","小松川","東大島",11,24000000,"２ＤＫ",50,"1986年","ＳＲＣ","","住宅","近隣商業",80,300,"2020年第4四半期","未改装",""
"中古マンション等","不動産取引価格情報","13123","東京都","江戸川区","小松川","東大島",1,45000000,"３ＬＤＫ",70,"1988年","ＳＲＣ","","住宅","１種住居",60,400,"2020年第4四半期","改装済み",""
"中古マンション等","不動産取引価格情報","13123","東京都","江戸川区","小松川","東大島",10,21000000,"２ＬＤＫ",50,"1986年","ＳＲＣ","住宅","","近隣商業",80,300,"2020年第3四半期","未改装",""
