種類,価格情報区分,市区町村コード,都道府県名,市区町村名,地区名,最寄駅：名称,最寄駅：距離（分）,取引価格（総額）,間取り,面積（㎡）,建築年,建物の構造,用途,今後の利用目的,都市計画,建ぺい率（％）,容積率（％）,取引時期,改装,取引の事情等,単価（円/㎡）
中古マンション等,成約価格情報,13108,東京都,江東区,大島,東大島,3.0,"24,000,000",１Ｒ,55,1982年,ＳＲＣ,,,準工業,,,2021年第1四半期,,,"436,363"
中古マンション等,成約価格情報,13108,東京都,江東区,大島,東大島,9.0,"20,000,000",３ＤＫ,65,1976年,,,,準工業,,,2021年第1四半期,,,"307,692"
中古マンション等,成約価格情報,13108,東京都,江東区,大島,東大島,5.0,"29,000,000",２ＬＤＫ,75,1981年,ＳＲＣ,,,準工業,,,2021年第1四半期,,,"386,666"
中古マンション等,成約価格情報,13108,東京都,江東区,大島,東大島,8.0,"46,000,000",２ＬＤＫ＋Ｓ,75,2008年,ＲＣ,,,準工業,,,2021年第1四半期,,,"613,333"
中古マンション等,成約価格情報,13108,東京都,江東区,大島,東大島,8.0,"46,000,000",３ＬＤＫ,80,2001年,ＲＣ,,,準工業,,,2021年第1四半期,,,"575,000"
中古マンション等,成約価格情報,13108,東京都,江東区,大島,東大島,8.0,"38,000,000",３ＬＤＫ,75,2001年,ＳＲＣ,,,準工業,,,2021年第1四半期,,,"506,666"
中古マンション等,成約価格情報,13108,東京都,江東区,大島,東大島,7.0,"28,000,000",３ＬＤＫ,70,1980年,ＲＣ,,,準工業,,,2021年第1四半期,,,"400,000"
中古マンション等,成約価格情報,13108,東京都,江東区,亀戸,東大島,8.0,"54,000,000",４ＬＤＫ,85,2009年,ＲＣ,,,準工業,,,2021年第1四半期,,,"635,294"
中古マンション等,成約価格情報,13108,東京都,江東区,亀戸,東大島,11.0,"43,000,000",３ＬＤＫ,75,1980年,ＳＲＣ,,,商業,,,2021年第1四半期,,,"573,333"
中古マンション等,成約価格情報,13108,東京都,江東区,亀戸,東大島,12.0,"26,000,000",２ＤＫ,45,1985年,ＳＲＣ,,,,,,2021年第1四半期,改装済み,,"577,777"
中古マンション等,成約価格情報,13108,東京都,江東区,亀戸,東大島,8.0,"44,000,000",３ＬＤＫ,75,2009年,ＲＣ,,,準工業,,,2021年第1四半期,,,"586,666"
中古マンション等,成約価格情報,13108,東京都,江東区,大島,東大島,10.0,"22,000,000",３ＤＫ,55,1980年,ＲＣ,,,準工業,,,2021年第2四半期,,,"400,000"
中古マンション等,成約価格情報,13108,東京都,江東区,大島,東大島,2.0,"33,000,000",３ＬＤＫ,65,1982年,ＳＲＣ,,,,,,2021年第2四半期,,,"507,692"
中古マンション等,成約価格情報,13108,東京都,江東区,大島,東大島,5.0,"9,500,000",１Ｒ,25,1981年,ＲＣ,,,,,,2021年第2四半期,,,"380,000"
中古マンション等,成約価格情報,13108,東京都,江東区,大島,東大島,5.0,"30,000,000",４ＤＫ,75,1981年,ＳＲＣ,,,準工業,,,2021年第2四半期,,,"400,000"
中古マンション等,成約価格情報,13108,東京都,江東区,亀戸,東大島,7.0,"39,000,000",２ＬＤＫ,75,2003年,ＳＲＣ,,,準工業,,,2021年第2四半期,,,"520,000"
中古マンション等,成約価格情報,13108,東京都,江東区,亀戸,東大島,7.0,"44,000,000",３ＬＤＫ,90,2003年,ＳＲＣ,,,準工業,,,2021年第2四半期,,,"488,888"
中古マンション等,成約価格情報,13108,東京都,江東区,亀戸,東大島,8.0,"56,000,000",４ＬＤＫ,95,2009年,ＲＣ,,,準工業,,,2021年第2四半期,,,"589,473"
中古マンション等,成約価格情報,13108,東京都,江東区,大島,東大島,7.0,"41,000,000",３ＬＤＫ,75,2000年,ＳＲＣ,,,準工業,,,2021年第3四半期,,,"546,666"
中古マンション等,成約価格情報,13108,東京都,江東区,大島,東大島,2.0,"31,000,000",２ＬＤＫ,65,1982年,ＳＲＣ,,,準工業,,,2021年第3四半期,,,"476,923"
中古マンション等,成約価格情報,13108,東京都,江東区,亀戸,東大島,8.0,"45,000,000",３ＬＤＫ,75,2009年,ＲＣ,,,準工業,,,2021年第3四半期,,,"600,000"
中古マンション等,成約価格情報,13108,東京都,江東区,亀戸,東大島,9.0,"58,000,000",４ＬＤＫ,90,2009年,ＲＣ,,,準工業,,,2021年第3四半期,,,"644,444"
中古マンション等,成約価格情報,13108,東京都,江東区,亀戸,東大島,11.0,"37,000,000",２ＬＤＫ＋Ｓ,70,2001年,ＳＲＣ,,,準住居,,,2021年第3四半期,,,"528,571"
中古マンション等,成約価格情報,13108,東京都,江東区,大島,東大島,8.0,"38,000,000",３ＬＤＫ,65,2001年,ＲＣ,,,,,,2021年第4四半期,,,"584,615"
中古マンション等,成約価格情報,13108,東京都,江東区,大島,東大島,5.0,"36,000,000",３ＬＤＫ,75,1981年,ＳＲＣ,,,準工業,,,2021年第4四半期,,,"480,000"
中古マンション等,成約価格情報,13108,東京都,江東区,大島,東大島,4.0,"40,000,000",３ＬＤＫ,75,1981年,ＳＲＣ,,,準工業,,,2021年第4四半期,,,"533,333"
中古マンション等,成約価格情報,13108,東京都,江東区,大島,東大島,2.0,"37,000,000",２ＬＤＫ,60,1989年,ＳＲＣ,,,１種住居,,,2021年第4四半期,,,"616,666"
中古マンション等,成約価格情報,13108,東京都,江東区,大島,東大島,5.0,"31,000,000",１ＬＤＫ＋Ｓ,75,1981年,ＳＲＣ,,,準工業,,,2021年第4四半期,,,"413,333"
中古マンション等,成約価格情報,13108,東京都,江東区,大島,東大島,2.0,"35,000,000",３ＬＤＫ,75,1989年,ＳＲＣ,,,１種住居,,,2021年第4四半期,,,"466,666"
中古マンション等,成約価格情報,13108,東京都,江東区,亀戸,東大島,9.0,"49,000,000",２ＬＤＫ＋Ｓ,80,2005年,ＳＲＣ,,,１種住居,,,2021年第4四半期,,,"612,500"
中古マンション等,成約価格情報,13108,東京都,江東区,亀戸,東大島,9.0,"59,000,000",３ＬＤＫ,85,2005年,ＲＣ,,,１種住居,,,2021年第4四半期,,,"694,117"
中古マンション等,成約価格情報,13108,東京都,江東区,亀戸,東大島,11.0,"63,000,000",４ＬＤＫ,115,2001年,ＳＲＣ,,,準工業,,,2021年第4四半期,,,"547,826"
中古マンション等,成約価格情報,13108,東京都,江東区,東砂,東大島,15.0,"30,000,000",３ＬＤＫ,65,2009年,ＲＣ,,,準工業,,,2021年第1四半期,,,"461,538"
中古マンション等,成約価格情報,13108,東京都,江東区,東砂,東大島,13.0,"36,000,000",３ＬＤＫ,70,2009年,ＲＣ,,,準工業,,,2021年第1四半期,,,"514,285"
中古マンション等,成約価格情報,13108,東京都,江東区,東砂,東大島,9.0,"38,000,000",２ＬＤＫ,55,2015年,ＲＣ,,,１種住居,,,2021年第1四半期,,,"690,909"
中古マンション等,成約価格情報,13108,東京都,江東区,東砂,東大島,13.0,"40,000,000",３ＬＤＫ,70,2009年,ＲＣ,,,準工業,,,2021年第1四半期,,,"571,428"
中古マンション等,成約価格情報,13108,東京都,江東区,東砂,東大島,10.0,"23,000,000",２ＬＤＫ,50,1982年,ＳＲＣ,,,,,,2021年第1四半期,,,"460,000"
中古マンション等,成約価格情報,13108,東京都,江東区,東砂,東大島,21.0,"30,000,000",３ＬＤＫ,70,1999年,ＳＲＣ,,,準工業,,,2021年第1四半期,,,"428,571"
中古マンション等,成約価格情報,13108,東京都,江東区,東砂,東大島,10.0,"31,000,000",３ＬＤＫ,70,1982年,ＳＲＣ,,,準工業,,,2021年第1四半期,,,"442,857"
中古マンション等,成約価格情報,13108,東京都,江東区,東砂,東大島,9.0,"39,000,000",３ＬＤＫ,85,1987年,ＳＲＣ,,,準工業,,,2021年第2四半期,,,"458,823"
中古マンション等,成約価格情報,13108,東京都,江東区,東砂,東大島,15.0,"24,000,000",２ＬＤＫ,50,2008年,ＲＣ,,,準工業,,,2021年第2四半期,,,"480,000"
中古マンション等,成約価格情報,13108,東京都,江東区,東砂,東大島,17.0,"36,000,000",３ＬＤＫ,70,2006年,ＲＣ,,,準工業,,,2021年第2四半期,,,"514,285"
中古マンション等,成約価格情報,13108,東京都,江東区,東砂,東大島,15.0,"20,000,000",３ＬＤＫ,85,1982年,ＳＲＣ,,,準工業,,,2021年第2四半期,,,"235,294"
中古マンション等,成約価格情報,13108,東京都,江東区,東砂,東大島,15.0,"21,000,000",３ＬＤＫ,85,1982年,ＲＣ,,,準工業,,,2021年第2四半期,,,"247,058"
中古マンション等,成約価格情報,13108,東京都,江東区,東砂,東大島,20.0,"31,000,000",３ＬＤＫ＋Ｓ,80,1999年,ＲＣ,,,準工業,,,2021年第2四半期,,,"387,500"
中古マンション等,成約価格情報,13108,東京都,江東区,東砂,東大島,15.0,"29,000,000",３ＬＤＫ,75,1999年,ＳＲＣ,,,準工業,,,2021年第3四半期,,,"386,666"
中古マンション等,成約価格情報,13108,東京都,江東区,東砂,東大島,9.0,"45,000,000",３ＬＤＫ,65,2015年,ＲＣ,,,１種住居,,,2021年第3四半期,,,"692,307"
中古マンション等,成約価格情報,13108,東京都,江東区,東砂,東大島,14.0,"39,000,000",３ＬＤＫ,90,2003年,ＲＣ,,,準工業,,,2021年第4四半期,,,"433,333"
中古マンション等,成約価格情報,13108,東京都,江東区,東砂,東大島,17.0,"32,000,000",３ＬＤＫ,70,1996年,ＳＲＣ,,,準工業,,,2021年第4四半期,,,"457,142"
中古マンション等,成約価格情報,13108,東京都,江東区,東砂,東大島,10.0,"28,000,000",３ＬＤＫ,65,1982年,ＳＲＣ,,,準工業,,,2021年第4四半期,,,"430,769"
中古マンション等,成約価格情報,13108,東京都,江東区,東砂,東大島,9.0,"29,000,000",３ＤＫ,65,1987年,ＳＲＣ,,,準工業,,,2021年第4四半期,,,"446,153"
中古マンション等,成約価格情報,13108,東京都,江東区,東砂,東大島,15.0,"33,000,000",３ＬＤＫ,70,2009年,ＲＣ,,,準工業,,,2021年第4四半期,,,"471,428"
中古マンション等,成約価格情報,13108,東京都,江東区,大島,東大島,2.0,"23,000,000",１Ｋ,30,2002年,ＲＣ,,,商業,,,2022年第1四半期,,,"766,666"
中古マンション等,成約価格情報,13108,東京都,江東区,亀戸,東大島,9.0,"62,000,000",３ＬＤＫ＋Ｓ,95,2005年,ＳＲＣ,,,１種住居,,,2022年第1四半期,,,"652,631"
中古マンション等,成約価格情報,13108,東京都,江東区,亀戸,東大島,9.0,"66,000,000",４ＬＤＫ,100,2005年,ＲＣ,,,１種住居,,,2022年第1四半期,,,"660,000"
中古マンション等,成約価格情報,13108,東京都,江東区,亀戸,東大島,10.0,"42,000,000",２ＬＤＫ,70,2003年,ＲＣ,,,準工業,,,2022年第1四半期,,,"600,000"
中古マンション等,成約価格情報,13108,東京都,江東区,亀戸,東大島,10.0,"46,000,000",３ＬＤＫ,80,2005年,ＲＣ,,,１種住居,,,2022年第1四半期,,,"575,000"
中古マンション等,成約価格情報,13108,東京都,江東区,亀戸,東大島,8.0,"49,000,000",３ＬＤＫ,75,2009年,ＲＣ,,,準工業,,,2022年第1四半期,,,"653,333"
中古マンション等,成約価格情報,13108,東京都,江東区,大島,東大島,2.0,"41,000,000",１ＬＤＫ＋Ｓ,70,1986年,ＳＲＣ,,,１種住居,,,2022年第2四半期,,,"585,714"
中古マンション等,成約価格情報,13108,東京都,江東区,大島,東大島,5.0,"36,000,000",３ＬＤＫ,75,1981年,ＳＲＣ,,,準工業,,,2022年第2四半期,,,"480,000"
中古マンション等,成約価格情報,13108,東京都,江東区,大島,東大島,8.0,"39,000,000",３ＬＤＫ,65,2001年,ＳＲＣ,,,準工業,,,2022年第2四半期,,,"600,000"
中古マンション等,成約価格情報,13108,東京都,江東区,大島,東大島,2.0,"36,000,000",１ＬＤＫ＋Ｓ,65,1981年,ＳＲＣ,,,商業,,,2022年第2四半期,,,"553,846"
中古マンション等,成約価格情報,13108,東京都,江東区,大島,東大島,8.0,"49,000,000",２ＬＤＫ＋Ｓ,80,2008年,ＲＣ,,,準工業,,,2022年第2四半期,,,"612,500"
中古マンション等,成約価格情報,13108,東京都,江東区,大島,東大島,2.0,"23,000,000",１Ｒ,30,2002年,ＲＣ,,,準工業,,,2022年第2四半期,,,"766,666"
中古マンション等,成約価格情報,13108,東京都,江東区,大島,東大島,2.0,"43,000,000",４ＬＤＫ,90,1989年,ＲＣ,,,１種住居,,,2022年第3四半期,,,"477,777"
中古マンション等,成約価格情報,13108,東京都,江東区,大島,東大島,8.0,"50,000,000",３ＬＤＫ,70,2001年,ＳＲＣ,,,準工業,,,2022年第3四半期,,,"714,285"
中古マンション等,成約価格情報,13108,東京都,江東区,大島,東大島,8.0,"47,000,000",３ＬＤＫ,75,2001年,ＳＲＣ,,,準工業,,,2022年第3四半期,,,"626,666"
中古マンション等,成約価格情報,13108,東京都,江東区,大島,東大島,5.0,"11,000,000",１ＤＫ,25,1981年,ＳＲＣ,,,準工業,,,2022年第3四半期,,,"440,000"
中古マンション等,成約価格情報,13108,東京都,江東区,大島,東大島,5.0,"11,000,000",１ＤＫ,25,1981年,ＳＲＣ,,,,,,2022年第3四半期,,,"440,000"
中古マンション等,成約価格情報,13108,東京都,江東区,亀戸,東大島,11.0,"53,000,000",３ＬＤＫ,95,1999年,ＳＲＣ,,,１種住居,,,2022年第3四半期,,,"557,894"
中古マンション等,成約価格情報,13108,東京都,江東区,亀戸,東大島,10.0,"43,000,000",３ＬＤＫ,65,2008年,ＲＣ,,,準工業,,,2022年第3四半期,,,"661,538"
中古マンション等,成約価格情報,13108,東京都,江東区,亀戸,東大島,12.0,"28,000,000",３ＤＫ,65,1980年,ＳＲＣ,,,準工業,,,2022年第3四半期,,,"430,769"
中古マンション等,成約価格情報,13108,東京都,江東区,亀戸,東大島,10.0,"50,000,000",３ＬＤＫ,85,2005年,ＳＲＣ,,,１種住居,,,2022年第3四半期,,,"588,235"
中古マンション等,成約価格情報,13108,東京都,江東区,大島,東大島,5.0,"38,000,000",３ＬＤＫ,75,1981年,ＳＲＣ,,,準工業,,,2022年第4四半期,,,"506,666"
中古マンション等,成約価格情報,13108,東京都,江東区,大島,東大島,3.0,"36,000,000",３ＬＤＫ,65,1982年,ＳＲＣ,,,,,,2022年第4四半期,,,"553,846"
中古マンション等,成約価格情報,13108,東京都,江東区,大島,東大島,8.0,"50,000,000",２ＬＤＫ＋Ｓ,75,2008年,ＲＣ,,,準工業,,,2022年第4四半期,,,"666,666"
中古マンション等,成約価格情報,13108,東京都,江東区,大島,東大島,3.0,"34,000,000",３ＬＤＫ,65,1982年,ＳＲＣ,,,,,,2022年第4四半期,,,"523,076"
中古マンション等,成約価格情報,13108,東京都,江東区,大島,東大島,8.0,"55,000,000",３ＬＤＫ＋Ｓ,80,2008年,ＲＣ,,,準工業,,,2022年第4四半期,,,"687,500"
中古マンション等,成約価格情報,13108,東京都,江東区,亀戸,東大島,11.0,"53,000,000",２ＬＤＫ,85,2005年,ＲＣ,,,１種住居,,,2022年第4四半期,,,"623,529"
中古マンション等,成約価格情報,13108,東京都,江東区,亀戸,東大島,10.0,"50,000,000",３ＬＤＫ,80,2005年,ＳＲＣ,,,１種住居,,,2022年第4四半期,,,"625,000"
中古マンション等,成約価格情報,13108,東京都,江東区,亀戸,東大島,10.0,"54,000,000",４ＬＤＫ＋Ｓ,95,2005年,ＳＲＣ,,,１種住居,,,2022年第4四半期,,,"568,421"
中古マンション等,成約価格情報,13108,東京都,江東区,亀戸,東大島,10.0,"52,000,000",３ＬＤＫ,85,2005年,ＳＲＣ,,,１種住居,,,2022年第4四半期,,,"611,764"
中古マンション等,成約価格情報,13108,東京都,江東区,東砂,東大島,18.0,"37,000,000",３ＬＤＫ,75,2005年,ＲＣ,,,準工業,,,2022年第1四半期,,,"493,333"
中古マンション等,成約価格情報,13108,東京都,江東区,東砂,東大島,,"28,000,000",３ＬＤＫ,75,1982年,ＳＲＣ,,,準工業,,,2022年第1四半期,,,"373,333"
中古マンション等,成約価格情報,13108,東京都,江東区,東砂,東大島,9.0,"52,000,000",２ＬＤＫ＋Ｓ,70,2015年,ＲＣ,,,１種住居,,,2022年第1四半期,,,"742,857"
中古マンション等,成約価格情報,13108,東京都,江東区,東砂,東大島,18.0,"38,000,000",３ＬＤＫ,70,2005年,ＲＣ,,,準工業,,,2022年第1四半期,,,"542,857"
中古マンション等,成約価格情報,13108,東京都,江東区,東砂,東大島,14.0,"34,000,000",３ＬＤＫ,75,2003年,ＳＲＣ,,,準工業,,,2022年第2四半期,,,"453,333"
中古マンション等,成約価格情報,13108,東京都,江東区,東砂,東大島,16.0,"44,000,000",２ＬＤＫ＋Ｓ,75,2010年,,,,準工業,,,2022年第2四半期,,,"586,666"
中古マンション等,成約価格情報,13108,東京都,江東区,東砂,東大島,9.0,"50,000,000",３ＬＤＫ,65,2015年,ＲＣ,,,１種住居,,,2022年第2四半期,,,"769,230"
中古マンション等,成約価格情報,13108,東京都,江東区,東砂,東大島,9.0,"27,000,000",３ＤＫ,65,1987年,ＳＲＣ,,,準工業,,,2022年第2四半期,,,"415,384"
中古マンション等,成約価格情報,13108,東京都,江東区,東砂,東大島,17.0,"30,000,000",３ＬＤＫ,85,1982年,ＲＣ,,,準工業,,,2022年第4四半期,,,"352,941"
中古マンション等,成約価格情報,13108,東京都,江東区,東砂,東大島,15.0,"46,000,000",２ＬＤＫ,75,2010年,ＳＲＣ,,,準工業,,,2022年第4四半期,,,"613,333"
中古マンション等,成約価格情報,13108,東京都,江東区,東砂,東大島,15.0,"42,000,000",３ＬＤＫ,75,2010年,ＲＣ,,,,,,2022年第4四半期,,,"560,000"
中古マンション等,成約価格情報,13108,東京都,江東区,東砂,東大島,15.0,"25,000,000",２ＬＤＫ,60,2009年,ＲＣ,,,準工業,,,2022年第4四半期,,,"416,666"
中古マンション等,成約価格情報,13108,東京都,江東区,大島,東大島,7.0,"43,000,000",３ＬＤＫ,70,2000年,ＳＲＣ,,,準工業,,,2023年第1四半期,,,"614,285"
中古マンション等,成約価格情報,13108,東京都,江東区,大島,東大島,10.0,"58,000,000",３ＬＤＫ,85,2004年,ＲＣ,,,,,,2023年第1四半期,,,"682,352"
中古マンション等,成約価格情報,13108,東京都,江東区,大島,東大島,5.0,"8,700,000",１Ｒ,25,1981年,ＲＣ,,,工業,,,2023年第1四半期,,,"348,000"
中古マンション等,成約価格情報,13108,東京都,江東区,亀戸,東大島,10.0,"57,000,000",４ＬＤＫ,95,2005年,ＳＲＣ,,,１種住居,,,2023年第1四半期,,,"600,000"
中古マンション等,成約価格情報,13108,東京都,江東区,亀戸,東大島,11.0,"61,000,000",５ＬＤＫ,95,2005年,ＲＣ,,,１種住居,,,2023年第1四半期,,,"642,105"
中古マンション等,成約価格情報,13108,東京都,江東区,亀戸,東大島,10.0,"44,000,000",３ＬＤＫ,75,2005年,ＲＣ,,,１種住居,,,2023年第1四半期,,,"586,666"
中古マンション等,成約価格情報,13108,東京都,江東区,亀戸,東大島,11.0,"44,000,000",３ＬＤＫ,80,1999年,ＳＲＣ,,,１種住居,,,2023年第1四半期,,,"550,000"
中古マンション等,成約価格情報,13108,東京都,江東区,大島,東大島,9.0,"54,000,000",３ＬＤＫ,85,2008年,ＲＣ,,,準工業,,,2023年第2四半期,,,"635,294"
中古マンション等,成約価格情報,13108,東京都,江東区,大島,東大島,5.0,"47,000,000",３ＬＤＫ,85,1981年,ＳＲＣ,,,準工業,,,2023年第2四半期,改装済み,,"552,941"
中古マンション等,成約価格情報,13108,東京都,江東区,大島,東大島,3.0,"31,000,000",２ＬＤＫ,60,1986年,ＳＲＣ,,,１種住居,,,2023年第2四半期,改装済み,,"516,666"
中古マンション等,成約価格情報,13108,東京都,江東区,大島,東大島,2.0,"42,000,000",３ＬＤＫ,70,1986年,ＳＲＣ,,,１種住居,,,2023年第2四半期,,,"600,000"
中古マンション等,成約価格情報,13108,東京都,江東区,大島,東大島,2.0,"37,000,000",３ＤＫ,65,1982年,ＳＲＣ,,,,,,2023年第2四半期,,,"569,230"
中古マンション等,成約価格情報,13108,東京都,江東区,大島,東大島,5.0,"39,000,000",３ＬＤＫ,75,1981年,ＳＲＣ,,,準工業,,,2023年第2四半期,,,"520,000"
中古マンション等,成約価格情報,13108,東京都,江東区,大島,東大島,6.0,"44,000,000",４ＬＤＫ,95,1981年,ＳＲＣ,,,準工業,,,2023年第2四半期,,,"463,157"
中古マンション等,成約価格情報,13108,東京都,江東区,亀戸,東大島,12.0,"8,400,000",１Ｒ,20,1989年,ＳＲＣ,,,商業,,,2023年第2四半期,,,"420,000"
中古マンション等,成約価格情報,13108,東京都,江東区,亀戸,東大島,10.0,"44,000,000",３ＬＤＫ,75,2005年,ＳＲＣ,,,１種住居,,,2023年第2四半期,,,"586,666"
中古マンション等,成約価格情報,13108,東京都,江東区,亀戸,東大島,12.0,"34,000,000",３ＤＫ,70,1980年,ＳＲＣ,,,準工業,,,2023年第2四半期,,,"485,714"
中古マンション等,成約価格情報,13108,東京都,江東区,亀戸,東大島,11.0,"45,000,000",３ＬＤＫ,80,1999年,ＳＲＣ,,,１種住居,,,2023年第2四半期,,,"562,500"
中古マンション等,成約価格情報,13108,東京都,江東区,亀戸,東大島,10.0,"52,000,000",３ＬＤＫ,80,2005年,ＲＣ,,,１種住居,,,2023年第2四半期,,,"650,000"
中古マンション等,成約価格情報,13108,東京都,江東区,大島,東大島,9.0,"45,000,000",３ＬＤＫ,70,2008年,ＲＣ,,,準工業,,,2023年第3四半期,,,"642,857"
中古マンション等,成約価格情報,13108,東京都,江東区,大島,東大島,6.0,"8,000,000",１ＤＫ,25,1981年,ＲＣ,,,準工業,,,2023年第3四半期,,,"320,000"
中古マンション等,成約価格情報,13108,東京都,江東区,大島,東大島,8.0,"39,000,000",３ＬＤＫ,70,2008年,ＲＣ,,,準工業,,,2023年第3四半期,,,"557,142"
中古マンション等,成約価格情報,13108,東京都,江東区,大島,東大島,4.0,"66,000,000",３ＬＤＫ,90,2004年,ＲＣ,,,準工業,,,2023年第3四半期,,,"733,333"
中古マンション等,成約価格情報,13108,東京都,江東区,大島,東大島,3.0,"36,000,000",３ＬＤＫ,65,1981年,ＳＲＣ,,,,,,2023年第3四半期,,,"553,846"
中古マンション等,成約価格情報,13108,東京都,江東区,亀戸,東大島,10.0,"37,000,000",２ＬＤＫ,60,2003年,ＲＣ,,,準工業,,,2023年第3四半期,,,"616,666"
中古マンション等,成約価格情報,13108,東京都,江東区,大島,東大島,2.0,"33,000,000",２ＬＤＫ＋Ｓ,60,1986年,ＳＲＣ,,,１種住居,,,2023年第4四半期,,,"550,000"
中古マンション等,成約価格情報,13108,東京都,江東区,大島,東大島,8.0,"42,000,000",３ＬＤＫ,80,2001年,ＳＲＣ,,,準工業,,,2023年第4四半期,,,"525,000"
中古マンション等,成約価格情報,13108,東京都,江東区,大島,東大島,5.0,"6,000,000",１Ｒ,20,1981年,ＲＣ,,,準工業,,,2023年第4四半期,,,"300,000"
中古マンション等,成約価格情報,13108,東京都,江東区,大島,東大島,5.0,"45,000,000",３ＬＤＫ,75,1981年,ＳＲＣ,,,準工業,,,2023年第4四半期,,,"600,000"
中古マンション等,成約価格情報,13108,東京都,江東区,大島,東大島,3.0,"44,000,000",３ＬＤＫ,70,1986年,ＳＲＣ,,,１種住居,,,2023年第4四半期,,,"628,571"
中古マンション等,成約価格情報,13108,東京都,江東区,大島,東大島,4.0,"40,000,000",２ＬＤＫ,60,1986年,ＳＲＣ,,,準工業,,,2023年第4四半期,,,"666,666"
中古マンション等,成約価格情報,13108,東京都,江東区,大島,東大島,2.0,"32,000,000",１ＬＤＫ,60,1989年,ＲＣ,,,１種住居,,,2023年第4四半期,,,"533,333"
中古マンション等,成約価格情報,13108,東京都,江東区,大島,東大島,1.0,"41,000,000",２ＬＤＫ,60,2001年,ＳＲＣ,,,商業,,,2023年第4四半期,改装済み,,"683,333"
中古マンション等,成約価格情報,13108,東京都,江東区,大島,東大島,7.0,"70,000,000",３ＬＤＫ,70,2022年,ＲＣ,,,準工業,,,2023年第4四半期,,,"1,000,000"
中古マンション等,成約価格情報,13108,東京都,江東区,大島,東大島,8.0,"42,000,000",３ＬＤＫ,80,2001年,ＳＲＣ,,,準工業,,,2023年第4四半期,,,"525,000"
中古マンション等,成約価格情報,13108,東京都,江東区,亀戸,東大島,14.0,"25,000,000",１ＬＤＫ,65,1979年,ＲＣ,,,準工業,,,2023年第4四半期,,,"384,615"
中古マンション等,成約価格情報,13108,東京都,江東区,亀戸,東大島,8.0,"66,000,000",４ＬＤＫ,90,2009年,ＲＣ,,,準工業,,,2023年第4四半期,,,"733,333"
中古マンション等,成約価格情報,13108,東京都,江東区,亀戸,東大島,8.0,"54,000,000",３ＬＤＫ,75,2009年,ＲＣ,,,準工業,,,2023年第4四半期,,,"720,000"
中古マンション等,成約価格情報,13108,東京都,江東区,東砂,東大島,9.0,"52,000,000",３ＬＤＫ,65,2015年,ＲＣ,,,１種住居,,,2023年第1四半期,,,"800,000"
中古マンション等,成約価格情報,13108,東京都,江東区,東砂,東大島,14.0,"44,000,000",２ＬＤＫ,65,2009年,ＲＣ,,,準工業,,,2023年第1四半期,,,"676,923"
中古マンション等,成約価格情報,13108,東京都,江東区,東砂,東大島,20.0,"27,000,000",３ＬＤＫ,75,1999年,ＲＣ,,,準工業,,,2023年第1四半期,,,"360,000"
中古マンション等,成約価格情報,13108,東京都,江東区,東砂,東大島,9.0,"30,000,000",３ＤＫ,65,1987年,ＳＲＣ,,,準工業,,,2023年第1四半期,,,"461,538"
中古マンション等,成約価格情報,13108,東京都,江東区,東砂,東大島,16.0,"25,000,000",２ＬＤＫ＋Ｓ,65,1996年,ＳＲＣ,,,準工業,,,2023年第1四半期,,,"384,615"
中古マンション等,成約価格情報,13108,東京都,江東区,東砂,東大島,14.0,"51,000,000",３ＬＤＫ,80,2009年,ＲＣ,,,準工業,,,2023年第2四半期,,,"637,500"
中古マンション等,成約価格情報,13108,東京都,江東区,東砂,東大島,9.0,"42,000,000",２ＬＤＫ,55,2015年,ＲＣ,,,１種住居,,,2023年第2四半期,,,"763,636"
中古マンション等,成約価格情報,13108,東京都,江東区,東砂,東大島,10.0,"28,000,000",３ＤＫ,65,1987年,ＳＲＣ,,,,,,2023年第2四半期,,,"430,769"
中古マンション等,成約価格情報,13108,東京都,江東区,東砂,東大島,9.0,"53,000,000",３ＬＤＫ,65,2015年,ＲＣ,,,,,,2023年第2四半期,,,"815,384"
中古マンション等,成約価格情報,13108,東京都,江東区,東砂,東大島,15.0,"41,000,000",３ＬＤＫ,75,2010年,ＳＲＣ,,,準工業,,,2023年第4四半期,,,"546,666"
中古マンション等,成約価格情報,13108,東京都,江東区,東砂,東大島,14.0,"25,000,000",２Ｋ,30,2021年,ＲＣ,,,準工業,,,2023年第4四半期,,,"833,333"
中古マンション等,成約価格情報,13108,東京都,江東区,東砂,東大島,16.0,"26,000,000",２ＬＤＫ,60,1996年,ＳＲＣ,,,準工業,,,2023年第4四半期,,,"433,333"
中古マンション等,成約価格情報,13108,東京都,江東区,東砂,東大島,10.0,"29,000,000",３ＬＤＫ,65,1982年,ＳＲＣ,,,,,,2023年第4四半期,,,"446,153"
中古マンション等,成約価格情報,13108,東京都,江東区,東砂,東大島,15.0,"43,000,000",３ＬＤＫ,75,2010年,,,,準工業,,,2023年第4四半期,,,"573,333"
中古マンション等,成約価格情報,13108,東京都,江東区,東砂,東大島,15.0,"39,000,000",３ＬＤＫ,90,2003年,ＲＣ,,,準工業,,,2023年第4四半期,,,"433,333"
中古マンション等,成約価格情報,13108,東京都,江東区,東砂,東大島,13.0,"49,000,000",２ＬＤＫ,60,2009年,ＲＣ,,,準工業,,,2023年第4四半期,,,"816,666"
中古マンション等,成約価格情報,13108,東京都,江東区,東砂,東大島,10.0,"26,000,000",２ＬＤＫ,55,1982年,ＳＲＣ,,,準工業,,,2023年第4四半期,,,"472,727"
中古マンション等,成約価格情報,13108,東京都,江東区,大島,東大島,7.0,"35,000,000",２ＬＤＫ＋Ｓ,75,1981年,ＳＲＣ,,,準工業,,,2024年第1四半期,,,"466,666"
中古マンション等,成約価格情報,13108,東京都,江東区,大島,東大島,2.0,"43,000,000",２ＬＤＫ,70,1986年,ＳＲＣ,,,１種住居,,,2024年第1四半期,,,"614,285"
中古マンション等,成約価格情報,13108,東京都,江東区,亀戸,東大島,11.0,"51,000,000",３ＬＤＫ,80,1999年,ＳＲＣ,,,１種住居,,,2024年第1四半期,,,"637,500"
中古マンション等,成約価格情報,13108,東京都,江東区,亀戸,東大島,7.0,"50,000,000",３ＬＤＫ,90,2003年,ＳＲＣ,,,,,,2024年第1四半期,,,"555,555"
中古マンション等,成約価格情報,13108,東京都,江東区,亀戸,東大島,10.0,"46,000,000",３ＬＤＫ,70,2008年,ＲＣ,,,準工業,,,2024年第1四半期,,,"657,142"
中古マンション等,成約価格情報,13108,東京都,江東区,大島,東大島,8.0,"57,000,000",３ＬＤＫ,80,2001年,ＳＲＣ,,,準工業,,,2024年第2四半期,,,"712,500"
中古マンション等,成約価格情報,13108,東京都,江東区,大島,東大島,3.0,"54,000,000",５ＬＤＫ,105,1986年,ＳＲＣ,,,１種住居,,,2024年第2四半期,,,"514,285"
中古マンション等,成約価格情報,13108,東京都,江東区,大島,東大島,4.0,"51,000,000",３ＬＤＫ,90,1996年,ＳＲＣ,,,１種住居,,,2024年第2四半期,,,"566,666"
中古マンション等,成約価格情報,13108,東京都,江東区,大島,東大島,4.0,"60,000,000",３ＬＤＫ＋Ｓ,105,1986年,ＳＲＣ,,,準工業,,,2024年第2四半期,,,"571,428"
中古マンション等,成約価格情報,13108,東京都,江東区,大島,東大島,8.0,"46,000,000",３ＬＤＫ,75,2001年,ＳＲＣ,,,準工業,,,2024年第2四半期,,,"613,333"
中古マンション等,成約価格情報,13108,東京都,江東区,大島,東大島,3.0,"27,000,000",２ＬＤＫ,65,1982年,ＳＲＣ,,,準工業,,,2024年第2四半期,,,"415,384"
中古マンション等,成約価格情報,13108,東京都,江東区,大島,東大島,3.0,"56,000,000",４ＬＤＫ,105,1986年,ＳＲＣ,,,１種住居,,,2024年第2四半期,,,"533,333"
中古マンション等,成約価格情報,13108,東京都,江東区,亀戸,東大島,10.0,"33,000,000",３ＬＤＫ,65,1980年,ＳＲＣ,,,準工業,,,2024年第2四半期,,,"507,692"
中古マンション等,成約価格情報,13108,東京都,江東区,亀戸,東大島,9.0,"72,000,000",３ＬＤＫ,85,2008年,ＲＣ,,,,,,2024年第2四半期,,,"847,058"
中古マンション等,成約価格情報,13108,東京都,江東区,大島,東大島,8.0,"23,000,000",２ＬＤＫ,55,1978年,ＲＣ,,,準工業,,,2024年第3四半期,,,"418,181"
中古マンション等,成約価格情報,13108,東京都,江東区,大島,東大島,5.0,"11,000,000",１Ｒ,25,1981年,ＲＣ,,,準工業,,,2024年第3四半期,,,"440,000"
中古マンション等,成約価格情報,13108,東京都,江東区,大島,東大島,3.0,"34,000,000",３ＬＤＫ,60,1986年,ＳＲＣ,,,１種住居,,,2024年第3四半期,,,"566,666"
中古マンション等,成約価格情報,13108,東京都,江東区,大島,東大島,8.0,"57,000,000",３ＬＤＫ,80,2001年,ＳＲＣ,,,準工業,,,2024年第3四半期,,,"712,500"
中古マンション等,成約価格情報,13108,東京都,江東区,大島,東大島,8.0,"50,000,000",３ＬＤＫ,75,2008年,ＲＣ,,,準工業,,,2024年第3四半期,,,"666,666"
中古マンション等,成約価格情報,13108,東京都,江東区,亀戸,東大島,13.0,"40,000,000",３ＬＤＫ,70,1979年,ＳＲＣ,,,準工業,,,2024年第3四半期,,,"571,428"
中古マンション等,成約価格情報,13108,東京都,江東区,大島,東大島,5.0,"12,000,000",１Ｒ,25,1981年,ＲＣ,,,準工業,,,2024年第4四半期,,,"480,000"
中古マンション等,成約価格情報,13108,東京都,江東区,大島,東大島,2.0,"63,000,000",５ＬＤＫ,105,1986年,ＳＲＣ,,,１種住居,,,2024年第4四半期,,,"600,000"
中古マンション等,成約価格情報,13108,東京都,江東区,大島,東大島,8.0,"52,000,000",３ＬＤＫ,75,2001年,,,,,,,2024年第4四半期,,,"693,333"
中古マンション等,成約価格情報,13108,東京都,江東区,大島,東大島,1.0,"63,000,000",３ＬＤＫ,80,2001年,ＳＲＣ,,,商業,,,2024年第4四半期,,,"787,500"
中古マンション等,成約価格情報,13108,東京都,江東区,大島,東大島,7.0,"75,000,000",３ＬＤＫ,70,2022年,ＲＣ,,,準工業,,,2024年第4四半期,,,"1,071,428"
中古マンション等,成約価格情報,13108,東京都,江東区,大島,東大島,5.0,"9,600,000",１ＤＫ,25,1981年,ＲＣ,,,準工業,,,2024年第4四半期,,,"384,000"
中古マンション等,成約価格情報,13108,東京都,江東区,大島,東大島,1.0,"62,000,000",３ＬＤＫ,75,2001年,ＳＲＣ,,,商業,,,2024年第4四半期,,,"826,666"
中古マンション等,成約価格情報,13108,東京都,江東区,東砂,東大島,15.0,"32,000,000",３ＬＤＫ,70,2009年,ＲＣ,,,,,,2024年第1四半期,,,"457,142"
中古マンション等,成約価格情報,13108,東京都,江東区,東砂,東大島,15.0,"37,000,000",３ＬＤＫ,65,1999年,ＳＲＣ,,,,,,2024年第1四半期,,,"569,230"
中古マンション等,成約価格情報,13108,東京都,江東区,東砂,東大島,15.0,"31,000,000",３ＬＤＫ,70,2009年,ＲＣ,,,準工業,,,2024年第1四半期,,,"442,857"
中古マンション等,成約価格情報,13108,東京都,江東区,東砂,東大島,9.0,"59,000,000",２ＬＤＫ＋Ｓ,70,2015年,ＲＣ,,,１種住居,,,2024年第1四半期,,,"842,857"
中古マンション等,成約価格情報,13108,東京都,江東区,東砂,東大島,10.0,"28,000,000",３ＤＫ,55,1982年,ＳＲＣ,,,,,,2024年第1四半期,,,"509,090"
中古マンション等,成約価格情報,13108,東京都,江東区,東砂,東大島,13.0,"52,000,000",３ＬＤＫ,80,2009年,ＲＣ,,,準工業,,,2024年第2四半期,,,"650,000"
中古マンション等,成約価格情報,13108,東京都,江東区,東砂,東大島,15.0,"32,000,000",３ＬＤＫ,80,1982年,ＳＲＣ,,,準工業,,,2024年第2四半期,,,"400,000"
中古マンション等,成約価格情報,13108,東京都,江東区,東砂,東大島,15.0,"40,000,000",３ＬＤＫ,75,1999年,ＳＲＣ,,,準工業,,,2024年第2四半期,,,"533,333"
中古マンション等,成約価格情報,13108,東京都,江東区,東砂,東大島,17.0,"25,000,000",３ＬＤＫ,80,1982年,ＳＲＣ,,,準工業,,,2024年第2四半期,,,"312,500"
中古マンション等,成約価格情報,13108,東京都,江東区,東砂,東大島,14.0,"46,000,000",３ＬＤＫ,70,2009年,ＲＣ,,,準工業,,,2024年第3四半期,,,"657,142"
中古マンション等,成約価格情報,13108,東京都,江東区,東砂,東大島,14.0,"49,000,000",３ＬＤＫ,80,2003年,ＲＣ,,,準工業,,,2024年第4四半期,改装済み,,"612,500"
中古マンション等,成約価格情報,13108,東京都,江東区,東砂,東大島,10.0,"26,000,000",３ＤＫ,65,1982年,ＳＲＣ,,,準工業,,,2024年第4四半期,,,"400,000"
中古マンション等,成約価格情報,13108,東京都,江東区,東砂,東大島,9.0,"37,000,000",２ＬＤＫ,80,1987年,ＳＲＣ,,,準工業,,,2024年第4四半期,,,"462,500"
中古マンション等,成約価格情報,13108,東京都,江東区,東砂,東大島,13.0,"57,000,000",３ＬＤＫ,70,2009年,ＲＣ,,,準工業,,,2024年第4四半期,,,"814,285"
中古マンション等,成約価格情報,13108,東京都,江東区,東砂,東大島,20.0,"38,000,000",３ＬＤＫ,80,1999年,ＲＣ,,,準工業,,,2024年第4四半期,改装済み,,"475,000"
中古マンション等,成約価格情報,13108,東京都,江東区,大島,東大島,7.0,"41,000,000",３ＬＤＫ,75,1981年,ＳＲＣ,,,準工業,,,2025年第1四半期,,,"546,666"
中古マンション等,成約価格情報,13108,東京都,江東区,大島,東大島,3.0,"39,000,000",３ＬＤＫ,70,1986年,ＳＲＣ,,,１種住居,,,2025年第1四半期,,,"557,142"
中古マンション等,成約価格情報,13108,東京都,江東区,大島,東大島,8.0,"66,000,000",４ＬＤＫ,85,2001年,ＳＲＣ,,,準工業,,,2025年第1四半期,,,"776,470"
中古マンション等,成約価格情報,13108,東京都,江東区,大島,東大島,5.0,"43,000,000",３ＬＤＫ,85,1981年,ＳＲＣ,,,準工業,,,2025年第1四半期,,,"505,882"
中古マンション等,成約価格情報,13108,東京都,江東区,大島,東大島,8.0,"63,000,000",３ＬＤＫ,75,2001年,ＳＲＣ,,,準工業,,,2025年第1四半期,,,"840,000"
中古マンション等,成約価格情報,13108,東京都,江東区,大島,東大島,6.0,"42,000,000",３ＬＤＫ,75,1981年,ＳＲＣ,,,準工業,,,2025年第1四半期,改装済み,,"560,000"
中古マンション等,成約価格情報,13108,東京都,江東区,大島,東大島,6.0,"36,000,000",３ＬＤＫ,85,1981年,ＳＲＣ,,,準工業,,,2025年第1四半期,,,"423,529"
中古マンション等,成約価格情報,13108,東京都,江東区,大島,東大島,3.0,"53,000,000",４ＬＤＫ,90,1986年,ＳＲＣ,,,１種住居,,,2025年第1四半期,,,"588,888"
中古マンション等,成約価格情報,13108,東京都,江東区,大島,東大島,10.0,"33,000,000",２ＬＤＫ,65,1976年,ＳＲＣ,,,準工業,,,2025年第1四半期,,,"507,692"
中古マンション等,成約価格情報,13108,東京都,江東区,大島,東大島,4.0,"66,000,000",４ＬＤＫ,100,1996年,ＳＲＣ,,,１種住居,,,2025年第1四半期,,,"660,000"
中古マンション等,成約価格情報,13108,東京都,江東区,大島,東大島,8.0,"58,000,000",３ＬＤＫ,70,2001年,ＳＲＣ,,,準工業,,,2025年第1四半期,,,"828,571"
中古マンション等,成約価格情報,13108,東京都,江東区,大島,東大島,5.0,"40,000,000",３ＬＤＫ,75,1981年,ＳＲＣ,,,準工業,,,2025年第1四半期,,,"533,333"
中古マンション等,成約価格情報,13108,東京都,江東区,大島,東大島,7.0,"52,000,000",２ＬＤＫ,60,2000年,ＳＲＣ,,,準工業,,,2025年第1四半期,,,"866,666"
中古マンション等,成約価格情報,13108,東京都,江東区,大島,東大島,11.0,"49,000,000",２ＬＤＫ,65,2004年,ＲＣ,,,準工業,,,2025年第1四半期,,,"753,846"
中古マンション等,成約価格情報,13108,東京都,江東区,大島,東大島,5.0,"45,000,000",２ＬＤＫ＋Ｓ,75,1981年,ＳＲＣ,,,準工業,,,2025年第1四半期,,,"600,000"
中古マンション等,成約価格情報,13108,東京都,江東区,大島,東大島,9.0,"65,000,000",３ＬＤＫ,85,2008年,ＲＣ,,,準工業,,,2025年第1四半期,,,"764,705"
中古マンション等,成約価格情報,13108,東京都,江東区,大島,東大島,8.0,"48,000,000",３ＬＤＫ,75,2001年,ＳＲＣ,,,準工業,,,2025年第1四半期,,,"640,000"
中古マンション等,成約価格情報,13108,東京都,江東区,大島,東大島,2.0,"55,000,000",４ＬＤＫ,90,1986年,ＳＲＣ,,,１種住居,,,2025年第1四半期,,,"611,111"
中古マンション等,成約価格情報,13108,東京都,江東区,亀戸,東大島,10.0,"54,000,000",３ＬＤＫ＋Ｓ,85,2005年,ＳＲＣ,,,１種住居,,,2025年第1四半期,,,"635,294"
中古マンション等,成約価格情報,13108,東京都,江東区,亀戸,東大島,9.0,"54,000,000",３ＬＤＫ,75,2005年,ＲＣ,,,１種住居,,,2025年第1四半期,,,"720,000"
中古マンション等,成約価格情報,13108,東京都,江東区,亀戸,東大島,13.0,"31,000,000",２ＬＤＫ,75,1980年,ＳＲＣ,,,準工業,,,2025年第1四半期,,,"413,333"
中古マンション等,成約価格情報,13108,東京都,江東区,亀戸,東大島,13.0,"74,000,000",４ＬＤＫ,100,2005年,ＳＲＣ,,,１種住居,,,2025年第1四半期,,,"740,000"
中古マンション等,成約価格情報,13108,東京都,江東区,亀戸,東大島,10.0,"50,000,000",３ＬＤＫ＋Ｓ,85,2005年,,,,,,,2025年第1四半期,,,"588,235"
中古マンション等,成約価格情報,13108,東京都,江東区,亀戸,東大島,10.0,"58,000,000",３ＬＤＫ,80,2005年,ＲＣ,,,１種住居,,,2025年第1四半期,,,"725,000"
中古マンション等,成約価格情報,13108,東京都,江東区,亀戸,東大島,10.0,"50,000,000",３ＬＤＫ＋Ｓ,85,2005年,,,,,,,2025年第1四半期,,,"588,235"
中古マンション等,成約価格情報,13108,東京都,江東区,亀戸,東大島,9.0,"50,000,000",３ＬＤＫ,80,2005年,ＲＣ,,,１種住居,,,2025年第1四半期,,,"625,000"
中古マンション等,成約価格情報,13108,東京都,江東区,東砂,東大島,10.0,"36,000,000",３ＬＤＫ,70,1982年,ＳＲＣ,,,準工業,,,2025年第1四半期,,,"514,285"
中古マンション等,成約価格情報,13108,東京都,江東区,東砂,東大島,13.0,"46,000,000",３ＬＤＫ,70,2009年,ＲＣ,,,準工業,,,2025年第1四半期,,,"657,142"
中古マンション等,成約価格情報,13108,東京都,江東区,東砂,東大島,16.0,"36,000,000",３ＬＤＫ,70,1996年,ＳＲＣ,,,準工業,,,2025年第1四半期,,,"514,285"
中古マンション等,成約価格情報,13108,東京都,江東区,東砂,東大島,15.0,"30,000,000",３ＬＤＫ,80,1982年,ＳＲＣ,,,準工業,,,2025年第1四半期,,,"375,000"
中古マンション等,成約価格情報,13108,東京都,江東区,東砂,東大島,15.0,"24,000,000",１ＬＤＫ＋Ｓ,50,2008年,ＲＣ,,,準工業,,,2025年第1四半期,,,"480,000"
中古マンション等,成約価格情報,13108,東京都,江東区,東砂,東大島,10.0,"26,000,000",３ＤＫ,60,1982年,ＳＲＣ,,,準工業,,,2025年第1四半期,,,"433,333"
中古マンション等,不動産取引価格情報,13108,東京都,江東区,大島,東大島,9.0,"36,000,000",３ＬＤＫ,60,2001年,ＳＲＣ,住宅,住宅,準工業,60.0,300.0,2025年第1四半期,,,"600,000"
中古マンション等,不動産取引価格情報,13108,東京都,江東区,大島,東大島,2.0,"63,000,000",５ＬＤＫ,100,1986年,ＳＲＣ,,,１種住居,60.0,400.0,2025年第1四半期,改装済み,,"630,000"
中古マンション等,不動産取引価格情報,13108,東京都,江東区,大島,東大島,10.0,"27,000,000",１ＬＤＫ,35,1976年,ＳＲＣ,住宅,住宅,準工業,60.0,300.0,2025年第1四半期,改装済み,,"771,428"
中古マンション等,不動産取引価格情報,13108,東京都,江東区,大島,東大島,9.0,"23,000,000",１Ｋ,25,2014年,ＲＣ,住宅,住宅,準工業,60.0,300.0,2025年第1四半期,未改装,,"920,000"
中古マンション等,不動産取引価格情報,13108,東京都,江東区,大島,東大島,2.0,"32,000,000",２ＬＤＫ,50,1989年,ＳＲＣ,住宅,住宅,１種住居,60.0,400.0,2025年第1四半期,未改装,,"640,000"
中古マンション等,不動産取引価格情報,13108,東京都,江東区,大島,東大島,3.0,"30,000,000",３ＬＤＫ,55,1981年,ＳＲＣ,住宅,住宅,商業,80.0,400.0,2024年第4四半期,未改装,,"545,454"
中古マンション等,不動産取引価格情報,13108,東京都,江東区,大島,東大島,5.0,"21,000,000",１Ｋ,20,2007年,ＲＣ,住宅,その他,準工業,60.0,400.0,2024年第4四半期,,,"1,050,000"
中古マンション等,不動産取引価格情報,13108,東京都,江東区,大島,東大島,2.0,"36,000,000",２ＬＤＫ＋Ｓ,60,1989年,ＳＲＣ,住宅,住宅,１種住居,60.0,400.0,2024年第4四半期,未改装,,"600,000"
中古マンション等,不動産取引価格情報,13108,東京都,江東区,大島,東大島,1.0,"62,000,000",３ＬＤＫ,70,2001年,ＳＲＣ,住宅,住宅,商業,80.0,500.0,2024年第4四半期,未改装,,"885,714"
中古マンション等,不動産取引価格情報,13108,東京都,江東区,大島,東大島,9.0,"23,000,000",１Ｋ,25,2014年,ＲＣ,住宅,住宅,準工業,60.0,300.0,2024年第3四半期,未改装,,"920,000"
中古マンション等,不動産取引価格情報,13108,東京都,江東区,大島,東大島,5.0,"19,000,000",１Ｋ,20,2010年,ＲＣ,住宅,その他,準工業,60.0,400.0,2024年第3四半期,,,"950,000"
中古マンション等,不動産取引価格情報,13108,東京都,江東区,大島,東大島,5.0,"38,000,000",３ＬＤＫ,70,1981年,ＳＲＣ,住宅,住宅,準工業,60.0,300.0,2024年第3四半期,未改装,,"542,857"
中古マンション等,不動産取引価格情報,13108,東京都,江東区,大島,東大島,2.0,"33,000,000",３ＬＤＫ,60,1989年,ＳＲＣ,住宅,住宅,１種住居,60.0,400.0,2024年第3四半期,未改装,,"550,000"
中古マンション等,不動産取引価格情報,13108,東京都,江東区,大島,東大島,2.0,"28,000,000",３ＬＤＫ,55,1986年,ＳＲＣ,住宅,住宅,１種住居,60.0,400.0,2024年第3四半期,未改装,,"509,090"
中古マンション等,不動産取引価格情報,13108,東京都,江東区,大島,東大島,2.0,"36,000,000",３ＬＤＫ,60,1986年,ＳＲＣ,住宅,,１種住居,60.0,400.0,2024年第3四半期,未改装,,"600,000"
中古マンション等,不動産取引価格情報,13108,東京都,江東区,大島,東大島,2.0,"25,000,000",１Ｋ,30,2002年,ＲＣ,住宅,住宅,準工業,60.0,400.0,2024年第2四半期,改装済み,,"833,333"
中古マンション等,不動産取引価格情報,13108,東京都,江東区,大島,東大島,2.0,"37,000,000",２ＬＤＫ,50,1986年,ＳＲＣ,住宅,住宅,１種住居,60.0,400.0,2024年第2四半期,改装済み,,"740,000"
中古マンション等,不動産取引価格情報,13108,東京都,江東区,大島,東大島,3.0,"60,000,000",３ＬＤＫ,100,1986年,ＳＲＣ,,住宅,準工業,60.0,400.0,2024年第2四半期,改装済み,,"600,000"
中古マンション等,不動産取引価格情報,13108,東京都,江東区,大島,東大島,4.0,"32,000,000",３ＬＤＫ,60,1982年,ＳＲＣ,住宅,住宅,準工業,60.0,300.0,2024年第2四半期,未改装,,"533,333"
中古マンション等,不動産取引価格情報,13108,東京都,江東区,大島,東大島,4.0,"29,000,000",３ＬＤＫ,60,1982年,ＳＲＣ,住宅,住宅,準工業,60.0,300.0,2024年第2四半期,未改装,,"483,333"
中古マンション等,不動産取引価格情報,13108,東京都,江東区,大島,東大島,2.0,"45,000,000",,60,1986年,ＳＲＣ,住宅,住宅,１種住居,60.0,400.0,2024年第2四半期,,,"750,000"
中古マンション等,不動産取引価格情報,13108,東京都,江東区,大島,東大島,2.0,"40,000,000",３ＬＤＫ,65,1986年,ＳＲＣ,,住宅,１種住居,60.0,400.0,2024年第2四半期,改装済み,,"615,384"
中古マンション等,不動産取引価格情報,13108,東京都,江東区,大島,東大島,6.0,"240,000,000",オープンフロア,310,1997年,ＲＣ,工場、事務所,その他,準工業,60.0,300.0,2024年第2四半期,未改装,,"774,193"
中古マンション等,不動産取引価格情報,13108,東京都,江東区,大島,東大島,5.0,"42,000,000",３ＬＤＫ,70,1981年,ＳＲＣ,,住宅,準工業,60.0,300.0,2024年第1四半期,改装済み,,"600,000"
中古マンション等,不動産取引価格情報,13108,東京都,江東区,大島,東大島,8.0,"50,000,000",３ＬＤＫ,65,2008年,ＲＣ,,住宅,準工業,60.0,300.0,2024年第1四半期,改装済み,,"769,230"
中古マンション等,不動産取引価格情報,13108,東京都,江東区,大島,東大島,3.0,"42,000,000",３ＬＤＫ,55,1981年,ＳＲＣ,住宅,住宅,商業,80.0,400.0,2024年第1四半期,改装済み,,"763,636"
中古マンション等,不動産取引価格情報,13108,東京都,江東区,大島,東大島,2.0,"46,000,000",３ＬＤＫ,65,1986年,ＳＲＣ,,住宅,１種住居,60.0,400.0,2024年第1四半期,改装済み,,"707,692"
中古マンション等,不動産取引価格情報,13108,東京都,江東区,大島,東大島,2.0,"29,000,000",２ＬＤＫ,50,1986年,ＳＲＣ,,住宅,１種住居,60.0,400.0,2024年第1四半期,未改装,,"580,000"
中古マンション等,不動産取引価格情報,13108,東京都,江東区,大島,東大島,2.0,"41,000,000",２ＬＤＫ,55,1986年,ＳＲＣ,住宅,住宅,１種住居,60.0,400.0,2024年第1四半期,改装済み,,"745,454"
中古マンション等,不動産取引価格情報,13108,東京都,江東区,大島,東大島,5.0,"21,000,000",１ＤＫ,20,2010年,ＲＣ,,その他,準工業,60.0,400.0,2023年第4四半期,,,"1,050,000"
中古マンション等,不動産取引価格情報,13108,東京都,江東区,大島,東大島,2.0,"40,000,000",３ＬＤＫ,60,1986年,ＳＲＣ,,住宅,１種住居,60.0,400.0,2023年第4四半期,改装済み,,"666,666"
中古マンション等,不動産取引価格情報,13108,東京都,江東区,大島,東大島,4.0,"43,000,000",３ＬＤＫ,60,1982年,ＳＲＣ,,住宅,準工業,60.0,300.0,2023年第4四半期,改装済み,,"716,666"
中古マンション等,不動産取引価格情報,13108,東京都,江東区,大島,東大島,6.0,"12,000,000",,20,1981年,ＲＣ,,住宅,準工業,60.0,300.0,2023年第3四半期,,,"600,000"
中古マンション等,不動産取引価格情報,13108,東京都,江東区,大島,東大島,2.0,"28,000,000",２ＬＤＫ＋Ｓ,65,1986年,ＳＲＣ,住宅,住宅,１種住居,60.0,400.0,2023年第3四半期,未改装,,"430,769"
中古マンション等,不動産取引価格情報,13108,東京都,江東区,大島,東大島,2.0,"25,000,000",１ＬＤＫ,35,2002年,ＲＣ,住宅,その他,準工業,60.0,400.0,2023年第2四半期,未改装,,"714,285"
中古マンション等,不動産取引価格情報,13108,東京都,江東区,大島,東大島,3.0,"36,000,000",３ＬＤＫ,55,1981年,ＳＲＣ,,住宅,商業,80.0,400.0,2023年第2四半期,未改装,,"654,545"
中古マンション等,不動産取引価格情報,13108,東京都,江東区,大島,東大島,2.0,"50,000,000",４ＬＤＫ,85,1989年,ＳＲＣ,住宅,住宅,１種住居,60.0,400.0,2023年第2四半期,改装済み,,"588,235"
中古マンション等,不動産取引価格情報,13108,東京都,江東区,大島,東大島,5.0,"39,000,000",３ＬＤＫ,70,1981年,ＳＲＣ,,住宅,準工業,60.0,300.0,2023年第2四半期,未改装,,"557,142"
中古マンション等,不動産取引価格情報,13108,東京都,江東区,大島,東大島,10.0,"25,000,000",２ＬＤＫ,55,1976年,ＳＲＣ,住宅,住宅,準工業,60.0,300.0,2023年第2四半期,未改装,,"454,545"
中古マンション等,不動産取引価格情報,13108,東京都,江東区,大島,東大島,1.0,"24,000,000",,55,2001年,ＳＲＣ,住宅,住宅,商業,80.0,500.0,2023年第1四半期,未改装,,"436,363"
中古マンション等,不動産取引価格情報,13108,東京都,江東区,大島,東大島,9.0,"25,000,000",１Ｋ,25,2014年,ＲＣ,住宅,住宅,準工業,60.0,300.0,2023年第1四半期,未改装,,"1,000,000"
中古マンション等,不動産取引価格情報,13108,東京都,江東区,大島,東大島,6.0,"25,000,000",１Ｋ,20,2015年,ＲＣ,住宅,住宅,商業,80.0,400.0,2023年第1四半期,未改装,,"1,250,000"
中古マンション等,不動産取引価格情報,13108,東京都,江東区,大島,東大島,5.0,"29,000,000",３ＬＤＫ,70,1981年,ＳＲＣ,住宅,その他,準工業,60.0,300.0,2023年第1四半期,未改装,,"414,285"
中古マンション等,不動産取引価格情報,13108,東京都,江東区,大島,東大島,3.0,"42,000,000",３ＬＤＫ,55,1981年,ＳＲＣ,住宅,住宅,商業,80.0,400.0,2022年第4四半期,改装済み,,"763,636"
中古マンション等,不動産取引価格情報,13108,東京都,江東区,大島,東大島,4.0,"33,000,000",３ＬＤＫ,60,1982年,ＳＲＣ,住宅,住宅,準工業,60.0,300.0,2022年第4四半期,未改装,,"550,000"
中古マンション等,不動産取引価格情報,13108,東京都,江東区,大島,東大島,5.0,"45,000,000",３ＬＤＫ,70,1981年,ＳＲＣ,住宅,住宅,準工業,60.0,300.0,2022年第4四半期,改装済み,,"642,857"
中古マンション等,不動産取引価格情報,13108,東京都,江東区,大島,東大島,3.0,"36,000,000",２ＬＤＫ,55,1981年,ＳＲＣ,住宅,住宅,商業,80.0,400.0,2022年第3四半期,改装済み,,"654,545"
中古マンション等,不動産取引価格情報,13108,東京都,江東区,大島,東大島,10.0,"29,000,000",１ＬＤＫ,35,1976年,ＳＲＣ,住宅,住宅,準工業,60.0,300.0,2022年第3四半期,改装済み,,"828,571"
中古マンション等,不動産取引価格情報,13108,東京都,江東区,大島,東大島,3.0,"36,000,000",２ＬＤＫ,55,1981年,ＳＲＣ,住宅,住宅,商業,80.0,400.0,2022年第3四半期,未改装,,"654,545"
中古マンション等,不動産取引価格情報,13108,東京都,江東区,大島,東大島,9.0,"19,000,000",１Ｋ,25,2014年,ＲＣ,住宅,住宅,準工業,60.0,300.0,2022年第3四半期,未改装,,"760,000"
中古マンション等,不動産取引価格情報,13108,東京都,江東区,大島,東大島,9.0,"20,000,000",１Ｋ,25,2014年,ＲＣ,住宅,住宅,準工業,60.0,300.0,2022年第3四半期,未改装,,"800,000"
中古マンション等,不動産取引価格情報,13108,東京都,江東区,大島,東大島,4.0,"34,000,000",３ＬＤＫ,50,1981年,ＳＲＣ,住宅,住宅,商業,80.0,400.0,2022年第3四半期,改装済み,,"680,000"
中古マンション等,不動産取引価格情報,13108,東京都,江東区,大島,東大島,10.0,"36,000,000",３ＬＤＫ,55,1976年,ＳＲＣ,,住宅,準工業,60.0,300.0,2022年第3四半期,改装済み,,"654,545"
中古マンション等,不動産取引価格情報,13108,東京都,江東区,大島,東大島,8.0,"49,000,000",３ＬＤＫ,70,2008年,ＲＣ,,住宅,準工業,60.0,300.0,2022年第3四半期,未改装,,"700,000"
中古マンション等,不動産取引価格情報,13108,東京都,江東区,大島,東大島,6.0,"11,000,000",１ＤＫ,20,1981年,ＲＣ,,住宅,準工業,60.0,300.0,2022年第3四半期,未改装,,"550,000"
中古マンション等,不動産取引価格情報,13108,東京都,江東区,大島,東大島,5.0,"37,000,000",３ＬＤＫ,70,1981年,ＳＲＣ,住宅,住宅,準工業,60.0,300.0,2022年第3四半期,未改装,,"528,571"
中古マンション等,不動産取引価格情報,13108,東京都,江東区,大島,東大島,2.0,"43,000,000",４ＬＤＫ,85,1989年,ＳＲＣ,住宅,住宅,１種住居,60.0,400.0,2022年第3四半期,未改装,,"505,882"
中古マンション等,不動産取引価格情報,13108,東京都,江東区,大島,東大島,2.0,"49,000,000",３ＬＤＫ,70,1989年,ＳＲＣ,住宅,住宅,１種住居,60.0,400.0,2022年第3四半期,改装済み,,"700,000"
中古マンション等,不動産取引価格情報,13108,東京都,江東区,大島,東大島,2.0,"20,000,000",１Ｋ,30,2002年,ＲＣ,住宅,住宅,準工業,60.0,400.0,2022年第2四半期,,,"666,666"
中古マンション等,不動産取引価格情報,13108,東京都,江東区,大島,東大島,4.0,"62,000,000",４ＬＤＫ,80,2000年,ＲＣ,住宅,事務所,準工業,60.0,300.0,2022年第2四半期,未改装,,"775,000"
中古マンション等,不動産取引価格情報,13108,東京都,江東区,大島,東大島,4.0,"15,000,000",３ＬＤＫ,50,1981年,ＳＲＣ,,その他,商業,80.0,400.0,2022年第2四半期,未改装,,"300,000"
中古マンション等,不動産取引価格情報,13108,東京都,江東区,大島,東大島,9.0,"23,000,000",１Ｋ,25,2014年,ＲＣ,,住宅,準工業,60.0,300.0,2022年第2四半期,未改装,,"920,000"
中古マンション等,不動産取引価格情報,13108,東京都,江東区,大島,東大島,2.0,"46,000,000",３ＬＤＫ,70,1989年,ＳＲＣ,住宅,住宅,１種住居,60.0,400.0,2022年第2四半期,改装済み,,"657,142"
中古マンション等,不動産取引価格情報,13108,東京都,江東区,大島,東大島,5.0,"36,000,000",２ＬＤＫ＋Ｓ,70,1981年,ＳＲＣ,住宅,住宅,準工業,60.0,300.0,2022年第2四半期,未改装,,"514,285"
中古マンション等,不動産取引価格情報,13108,東京都,江東区,大島,東大島,5.0,"40,000,000",３ＬＤＫ,70,1981年,ＳＲＣ,住宅,住宅,準工業,60.0,300.0,2022年第1四半期,改装済み,,"571,428"
中古マンション等,不動産取引価格情報,13108,東京都,江東区,大島,東大島,6.0,"7,600,000",１Ｋ,15,1981年,ＲＣ,住宅,住宅,準工業,60.0,300.0,2022年第1四半期,未改装,,"506,666"
中古マンション等,不動産取引価格情報,13108,東京都,江東区,大島,東大島,2.0,"48,000,000",３ＬＤＫ,70,1989年,ＳＲＣ,住宅,住宅,１種住居,60.0,400.0,2022年第1四半期,改装済み,,"685,714"
中古マンション等,不動産取引価格情報,13108,東京都,江東区,大島,東大島,5.0,"32,000,000",,75,1981年,ＳＲＣ,事務所,事務所,準工業,60.0,300.0,2022年第1四半期,未改装,,"426,666"
中古マンション等,不動産取引価格情報,13108,東京都,江東区,大島,東大島,4.0,"34,000,000",２ＬＤＫ,50,1982年,ＳＲＣ,住宅,住宅,準工業,60.0,300.0,2022年第1四半期,改装済み,,"680,000"
中古マンション等,不動産取引価格情報,13108,東京都,江東区,大島,東大島,5.0,"42,000,000",２ＬＤＫ＋Ｓ,70,1981年,ＳＲＣ,住宅,住宅,準工業,60.0,300.0,2022年第1四半期,改装済み,,"600,000"
中古マンション等,不動産取引価格情報,13108,東京都,江東区,大島,東大島,8.0,"42,000,000",３ＬＤＫ,70,2008年,ＲＣ,住宅,住宅,準工業,60.0,300.0,2022年第1四半期,未改装,,"600,000"
中古マンション等,不動産取引価格情報,13108,東京都,江東区,大島,東大島,1.0,"54,000,000",３ＬＤＫ,70,2001年,ＳＲＣ,住宅,住宅,商業,80.0,500.0,2022年第1四半期,未改装,,"771,428"
中古マンション等,不動産取引価格情報,13108,東京都,江東区,大島,東大島,5.0,"36,000,000",３ＬＤＫ,70,1981年,ＳＲＣ,住宅,住宅,準工業,60.0,300.0,2021年第4四半期,,,"514,285"
中古マンション等,不動産取引価格情報,13108,東京都,江東区,大島,東大島,5.0,"45,000,000",２ＬＤＫ,70,1981年,ＳＲＣ,住宅,住宅,準工業,60.0,300.0,2021年第4四半期,未改装,,"642,857"
中古マンション等,不動産取引価格情報,13108,東京都,江東区,大島,東大島,8.0,"36,000,000",２ＬＤＫ＋Ｓ,55,2008年,ＲＣ,住宅,住宅,準工業,60.0,300.0,2021年第4四半期,未改装,,"654,545"
中古マンション等,不動産取引価格情報,13108,東京都,江東区,大島,東大島,9.0,"19,000,000",１Ｋ,25,2014年,ＲＣ,住宅,住宅,準工業,60.0,300.0,2021年第4四半期,改装済み,,"760,000"
中古マンション等,不動産取引価格情報,13108,東京都,江東区,大島,東大島,5.0,"21,000,000",１Ｋ,20,2010年,ＲＣ,住宅,,準工業,60.0,400.0,2021年第4四半期,未改装,,"1,050,000"
中古マンション等,不動産取引価格情報,13108,東京都,江東区,大島,東大島,9.0,"38,000,000",３ＬＤＫ,60,2001年,ＳＲＣ,住宅,住宅,準工業,60.0,300.0,2021年第4四半期,未改装,,"633,333"
中古マンション等,不動産取引価格情報,13108,東京都,江東区,大島,東大島,5.0,"43,000,000",２ＬＤＫ,70,1981年,ＳＲＣ,住宅,住宅,準工業,60.0,300.0,2021年第3四半期,改装済み,,"614,285"
中古マンション等,不動産取引価格情報,13108,東京都,江東区,大島,東大島,5.0,"43,000,000",２ＬＤＫ,70,1981年,ＳＲＣ,住宅,住宅,準工業,60.0,300.0,2021年第3四半期,改装済み,,"614,285"
中古マンション等,不動産取引価格情報,13108,東京都,江東区,大島,東大島,2.0,"57,000,000",４ＬＤＫ,80,1986年,ＳＲＣ,住宅,住宅,１種住居,60.0,400.0,2021年第3四半期,改装済み,,"712,500"
中古マンション等,不動産取引価格情報,13108,東京都,江東区,大島,東大島,2.0,"20,000,000",３ＬＤＫ,60,1986年,ＳＲＣ,その他,その他,１種住居,60.0,400.0,2021年第3四半期,未改装,,"333,333"
中古マンション等,不動産取引価格情報,13108,東京都,江東区,大島,東大島,3.0,"33,000,000",２ＬＤＫ,55,1981年,ＳＲＣ,住宅,住宅,商業,80.0,400.0,2021年第3四半期,未改装,,"600,000"
中古マンション等,不動産取引価格情報,13108,東京都,江東区,大島,東大島,6.0,"9,500,000",１Ｋ,20,1981年,ＲＣ,住宅,,準工業,60.0,300.0,2021年第2四半期,未改装,,"475,000"
中古マンション等,不動産取引価格情報,13108,東京都,江東区,大島,東大島,5.0,"20,000,000",１Ｋ,20,2007年,ＲＣ,,住宅,準工業,60.0,400.0,2021年第2四半期,未改装,,"1,000,000"
中古マンション等,不動産取引価格情報,13108,東京都,江東区,大島,東大島,2.0,"26,000,000",２ＬＤＫ,50,1989年,ＳＲＣ,住宅,その他,１種住居,60.0,400.0,2021年第2四半期,未改装,,"520,000"
中古マンション等,不動産取引価格情報,13108,東京都,江東区,大島,東大島,4.0,"22,000,000",１ＬＤＫ＋Ｓ,50,1982年,ＳＲＣ,住宅,住宅,準工業,60.0,300.0,2021年第2四半期,,,"440,000"
中古マンション等,不動産取引価格情報,13108,東京都,江東区,大島,東大島,9.0,"23,000,000",１Ｋ,25,2014年,ＲＣ,,住宅,準工業,60.0,300.0,2021年第2四半期,,,"920,000"
中古マンション等,不動産取引価格情報,13108,東京都,江東区,大島,東大島,5.0,"20,000,000",１Ｋ,20,2010年,ＲＣ,住宅,住宅,準工業,60.0,400.0,2021年第2四半期,未改装,,"1,000,000"
中古マンション等,不動産取引価格情報,13108,東京都,江東区,大島,東大島,2.0,"30,000,000",１ＬＤＫ,50,1989年,ＳＲＣ,住宅,住宅,１種住居,60.0,400.0,2021年第1四半期,改装済み,,"600,000"
中古マンション等,不動産取引価格情報,13108,東京都,江東区,大島,東大島,3.0,"32,000,000",３ＬＤＫ,55,1981年,ＳＲＣ,住宅,,商業,80.0,400.0,2021年第1四半期,,,"581,818"
中古マンション等,不動産取引価格情報,13108,東京都,江東区,大島,東大島,5.0,"37,000,000",２ＬＤＫ,70,1981年,ＳＲＣ,住宅,住宅,準工業,60.0,300.0,2021年第1四半期,改装済み,,"528,571"
中古マンション等,不動産取引価格情報,13108,東京都,江東区,大島,東大島,2.0,"39,000,000",３ＬＤＫ,65,1986年,ＳＲＣ,住宅,住宅,１種住居,60.0,400.0,2021年第1四半期,改装済み,,"600,000"
中古マンション等,不動産取引価格情報,13108,東京都,江東区,大島,東大島,5.0,"19,000,000",１Ｋ,20,2010年,ＲＣ,住宅,住宅,準工業,60.0,400.0,2021年第1四半期,未改装,,"950,000"
中古マンション等,不動産取引価格情報,13108,東京都,江東区,大島,東大島,9.0,"23,000,000",１Ｋ,25,2014年,ＲＣ,住宅,住宅,準工業,60.0,300.0,2021年第1四半期,未改装,,"920,000"
中古マンション等,不動産取引価格情報,13108,東京都,江東区,大島,東大島,9.0,"46,000,000",３ＬＤＫ,70,2001年,ＳＲＣ,住宅,住宅,準工業,60.0,300.0,2021年第1四半期,未改装,,"657,142"
中古マンション等,不動産取引価格情報,13108,東京都,江東区,大島,東大島,9.0,"23,000,000",１Ｋ,25,2014年,ＲＣ,,住宅,準工業,60.0,300.0,2021年第1四半期,未改装,,"920,000"
中古マンション等,不動産取引価格情報,13108,東京都,江東区,大島,東大島,7.0,"46,000,000",３ＬＤＫ,65,2000年,ＳＲＣ,,住宅,準工業,60.0,300.0,2021年第1四半期,改装済み,,"707,692"
中古マンション等,不動産取引価格情報,13108,東京都,江東区,大島,東大島,9.0,"24,000,000",１Ｋ,25,2014年,ＲＣ,住宅,その他,準工業,60.0,300.0,2021年第1四半期,未改装,,"960,000"
中古マンション等,不動産取引価格情報,13108,東京都,江東区,大島,東大島,5.0,"32,000,000",１Ｋ,25,2020年,ＲＣ,住宅,住宅,商業,80.0,400.0,2020年第4四半期,未改装,,"1,280,000"
中古マンション等,不動産取引価格情報,13108,東京都,江東区,大島,東大島,1.0,"53,000,000",３ＬＤＫ,70,2001年,ＳＲＣ,住宅,住宅,商業,80.0,500.0,2020年第4四半期,未改装,,"757,142"
中古マンション等,不動産取引価格情報,13108,東京都,江東区,大島,東大島,1.0,"39,000,000",２ＬＤＫ,55,2001年,ＳＲＣ,住宅,住宅,商業,80.0,500.0,2020年第4四半期,未改装,,"709,090"
中古マンション等,不動産取引価格情報,13108,東京都,江東区,大島,東大島,5.0,"32,000,000",１Ｋ,25,2020年,ＲＣ,住宅,住宅,商業,,,2020年第4四半期,未改装,,"1,280,000"
中古マンション等,不動産取引価格情報,13108,東京都,江東区,大島,東大島,10.0,"23,000,000",３ＬＤＫ,55,1976年,ＳＲＣ,住宅,住宅,準工業,60.0,300.0,2020年第4四半期,未改装,,"418,181"
中古マンション等,不動産取引価格情報,13108,東京都,江東区,大島,東大島,5.0,"23,000,000",３ＬＤＫ,70,1981年,ＳＲＣ,その他,その他,準工業,60.0,300.0,2020年第4四半期,未改装,,"328,571"
中古マンション等,不動産取引価格情報,13108,東京都,江東区,大島,東大島,9.0,"22,000,000",１Ｋ,25,2014年,ＲＣ,住宅,住宅,準工業,60.0,300.0,2020年第4四半期,未改装,,"880,000"
中古マンション等,不動産取引価格情報,13108,東京都,江東区,大島,東大島,9.0,"42,000,000",３ＬＤＫ,70,2001年,ＳＲＣ,住宅,住宅,準工業,60.0,300.0,2020年第4四半期,未改装,,"600,000"
中古マンション等,不動産取引価格情報,13108,東京都,江東区,大島,東大島,7.0,"32,000,000",３ＬＤＫ,65,2000年,ＳＲＣ,住宅,その他,準工業,60.0,300.0,2020年第4四半期,未改装,,"492,307"
中古マンション等,不動産取引価格情報,13108,東京都,江東区,大島,東大島,10.0,"35,000,000",３ＬＤＫ,65,1976年,ＳＲＣ,,住宅,準工業,60.0,300.0,2020年第4四半期,改装済み,,"538,461"
中古マンション等,不動産取引価格情報,13108,東京都,江東区,大島,東大島,9.0,"51,000,000",４ＬＤＫ,85,2001年,ＳＲＣ,住宅,住宅,準工業,60.0,300.0,2020年第3四半期,改装済み,,"600,000"
中古マンション等,不動産取引価格情報,13108,東京都,江東区,大島,東大島,5.0,"42,000,000",３ＬＤＫ,70,1981年,ＳＲＣ,住宅,住宅,準工業,60.0,300.0,2020年第3四半期,改装済み,,"600,000"
中古マンション等,不動産取引価格情報,13108,東京都,江東区,大島,東大島,2.0,"22,000,000",２ＤＫ,50,1989年,ＳＲＣ,住宅,住宅,１種住居,60.0,400.0,2020年第3四半期,未改装,,"440,000"
中古マンション等,不動産取引価格情報,13108,東京都,江東区,大島,東大島,5.0,"39,000,000",３ＬＤＫ,70,1981年,ＳＲＣ,住宅,住宅,準工業,60.0,300.0,2020年第3四半期,改装済み,,"557,142"
中古マンション等,不動産取引価格情報,13108,東京都,江東区,大島,東大島,2.0,"25,000,000",３ＬＤＫ,60,1986年,ＳＲＣ,,その他,１種住居,60.0,400.0,2020年第3四半期,未改装,,"416,666"
中古マンション等,不動産取引価格情報,13108,東京都,江東区,大島,東大島,6.0,"7,900,000",１Ｋ,20,1981年,ＲＣ,住宅,住宅,準工業,60.0,300.0,2020年第3四半期,未改装,,"395,000"
中古マンション等,不動産取引価格情報,13108,東京都,江東区,大島,東大島,9.0,"23,000,000",１Ｋ,25,2014年,ＲＣ,住宅,住宅,準工業,60.0,300.0,2020年第3四半期,未改装,,"920,000"
中古マンション等,不動産取引価格情報,13108,東京都,江東区,大島,東大島,4.0,"35,000,000",２ＤＫ,55,1996年,ＳＲＣ,住宅,住宅,１種住居,60.0,300.0,2020年第3四半期,改装済み,,"636,363"
中古マンション等,不動産取引価格情報,13108,東京都,江東区,大島,東大島,5.0,"20,000,000",１Ｋ,20,2010年,ＲＣ,住宅,住宅,準工業,60.0,400.0,2020年第2四半期,未改装,,"1,000,000"
中古マンション等,不動産取引価格情報,13108,東京都,江東区,大島,東大島,5.0,"19,000,000",１ＤＫ,20,2007年,ＲＣ,住宅,住宅,準工業,60.0,400.0,2020年第2四半期,未改装,,"950,000"
中古マンション等,不動産取引価格情報,13108,東京都,江東区,大島,東大島,2.0,"29,000,000",２ＬＤＫ,55,1986年,ＳＲＣ,住宅,住宅,１種住居,60.0,400.0,2020年第2四半期,未改装,,"527,272"
中古マンション等,不動産取引価格情報,13108,東京都,江東区,大島,東大島,9.0,"36,000,000",３ＬＤＫ,60,2001年,ＳＲＣ,住宅,住宅,準工業,60.0,300.0,2020年第2四半期,改装済み,,"600,000"
中古マンション等,不動産取引価格情報,13108,東京都,江東区,大島,東大島,5.0,"19,000,000",１Ｋ,20,2010年,ＲＣ,住宅,住宅,準工業,60.0,400.0,2020年第2四半期,未改装,,"950,000"
中古マンション等,不動産取引価格情報,13108,東京都,江東区,亀戸,東大島,11.0,"50,000,000",３ＬＤＫ,75,2005年,ＲＣ,住宅,住宅,１種住居,60.0,300.0,2025年第1四半期,未改装,,"666,666"
中古マンション等,不動産取引価格情報,13108,東京都,江東区,亀戸,東大島,11.0,"37,000,000",２ＬＤＫ,65,2003年,ＳＲＣ,,住宅,準工業,60.0,300.0,2024年第4四半期,,,"569,230"
中古マンション等,不動産取引価格情報,13108,東京都,江東区,亀戸,東大島,15.0,"40,000,000",３ＬＤＫ,60,1980年,ＳＲＣ,住宅,住宅,準工業,60.0,300.0,2024年第4四半期,改装済み,,"666,666"
中古マンション等,不動産取引価格情報,13108,東京都,江東区,亀戸,東大島,13.0,"18,000,000",１ＤＫ,40,1985年,ＳＲＣ,住宅,住宅,商業,80.0,500.0,2024年第3四半期,改装済み,,"450,000"
中古マンション等,不動産取引価格情報,13108,東京都,江東区,亀戸,東大島,12.0,"22,000,000",１Ｋ,25,2008年,ＳＲＣ,住宅,住宅,商業,80.0,500.0,2024年第2四半期,未改装,,"880,000"
中古マンション等,不動産取引価格情報,13108,東京都,江東区,亀戸,東大島,9.0,"54,000,000",３ＬＤＫ,65,2009年,ＲＣ,住宅,住宅,準工業,60.0,300.0,2024年第2四半期,未改装,,"830,769"
中古マンション等,不動産取引価格情報,13108,東京都,江東区,亀戸,東大島,11.0,"54,000,000",２ＬＤＫ,65,2003年,ＳＲＣ,住宅,住宅,準工業,60.0,300.0,2024年第2四半期,改装済み,,"830,769"
中古マンション等,不動産取引価格情報,13108,東京都,江東区,亀戸,東大島,11.0,"37,000,000",１ＬＤＫ,65,2003年,ＳＲＣ,住宅,住宅,準工業,60.0,300.0,2024年第1四半期,未改装,,"569,230"
中古マンション等,不動産取引価格情報,13108,東京都,江東区,亀戸,東大島,11.0,"45,000,000",３ＬＤＫ,85,2003年,ＳＲＣ,住宅,住宅,準工業,60.0,300.0,2024年第1四半期,未改装,,"529,411"
中古マンション等,不動産取引価格情報,13108,東京都,江東区,亀戸,東大島,11.0,"50,000,000",３ＬＤＫ,70,2003年,ＳＲＣ,住宅,住宅,準工業,60.0,300.0,2024年第1四半期,改装済み,,"714,285"
中古マンション等,不動産取引価格情報,13108,東京都,江東区,亀戸,東大島,15.0,"47,000,000",３ＬＤＫ,80,1980年,ＳＲＣ,住宅,住宅,準工業,60.0,300.0,2024年第1四半期,改装済み,,"587,500"
中古マンション等,不動産取引価格情報,13108,東京都,江東区,亀戸,東大島,11.0,"61,000,000",５ＬＤＫ,90,2005年,ＲＣ,住宅,住宅,１種住居,60.0,300.0,2023年第4四半期,未改装,,"677,777"
中古マンション等,不動産取引価格情報,13108,東京都,江東区,亀戸,東大島,9.0,"48,000,000",３ＬＤＫ,75,1999年,ＳＲＣ,住宅,住宅,１種住居,60.0,300.0,2023年第3四半期,未改装,,"640,000"
中古マンション等,不動産取引価格情報,13108,東京都,江東区,亀戸,東大島,11.0,"56,000,000",３ＬＤＫ,75,2005年,ＲＣ,住宅,住宅,１種住居,60.0,300.0,2023年第3四半期,未改装,,"746,666"
中古マンション等,不動産取引価格情報,13108,東京都,江東区,亀戸,東大島,11.0,"31,000,000",３ＬＤＫ,70,2005年,ＲＣ,,住宅,１種住居,60.0,300.0,2023年第3四半期,未改装,,"442,857"
中古マンション等,不動産取引価格情報,13108,東京都,江東区,亀戸,東大島,11.0,"48,000,000",４ＬＤＫ,85,2003年,ＳＲＣ,住宅,その他,準工業,60.0,300.0,2023年第2四半期,未改装,,"564,705"
中古マンション等,不動産取引価格情報,13108,東京都,江東区,亀戸,東大島,11.0,"52,000,000",３ＬＤＫ,75,2005年,ＲＣ,住宅,住宅,１種住居,60.0,300.0,2023年第2四半期,未改装,,"693,333"
中古マンション等,不動産取引価格情報,13108,東京都,江東区,亀戸,東大島,11.0,"57,000,000",４ＬＤＫ,85,2005年,ＲＣ,住宅,住宅,１種住居,60.0,300.0,2023年第1四半期,未改装,,"670,588"
中古マンション等,不動産取引価格情報,13108,東京都,江東区,亀戸,東大島,11.0,"54,000,000",３ＬＤＫ,85,2003年,ＳＲＣ,住宅,住宅,準工業,60.0,300.0,2022年第4四半期,改装済み,,"635,294"
中古マンション等,不動産取引価格情報,13108,東京都,江東区,亀戸,東大島,15.0,"28,000,000",３ＬＤＫ,60,1980年,ＳＲＣ,住宅,その他,準工業,60.0,300.0,2022年第4四半期,未改装,,"466,666"
中古マンション等,不動産取引価格情報,13108,東京都,江東区,亀戸,東大島,15.0,"28,000,000",３ＬＤＫ,60,1980年,ＳＲＣ,住宅,その他,準工業,60.0,300.0,2022年第4四半期,未改装,,"466,666"
中古マンション等,不動産取引価格情報,13108,東京都,江東区,亀戸,東大島,11.0,"50,000,000",３ＬＤＫ,75,2005年,ＲＣ,,住宅,１種住居,60.0,300.0,2022年第4四半期,未改装,,"666,666"
中古マンション等,不動産取引価格情報,13108,東京都,江東区,亀戸,東大島,15.0,"20,000,000",,60,1980年,ＳＲＣ,住宅,住宅,準工業,60.0,300.0,2022年第3四半期,未改装,,"333,333"
中古マンション等,不動産取引価格情報,13108,東京都,江東区,亀戸,東大島,9.0,"53,000,000",３ＬＤＫ,90,1999年,ＳＲＣ,住宅,住宅,１種住居,60.0,300.0,2022年第3四半期,未改装,,"588,888"
中古マンション等,不動産取引価格情報,13108,東京都,江東区,亀戸,東大島,9.0,"48,000,000",３ＬＤＫ,65,2009年,ＲＣ,住宅,住宅,準工業,60.0,300.0,2022年第2四半期,未改装,,"738,461"
中古マンション等,不動産取引価格情報,13108,東京都,江東区,亀戸,東大島,11.0,"39,000,000",３ＬＤＫ,75,2005年,ＲＣ,住宅,住宅,１種住居,60.0,300.0,2022年第1四半期,未改装,,"520,000"
中古マンション等,不動産取引価格情報,13108,東京都,江東区,亀戸,東大島,15.0,"35,000,000",３ＬＤＫ,65,1980年,ＳＲＣ,,住宅,準工業,60.0,300.0,2022年第1四半期,改装済み,,"538,461"
中古マンション等,不動産取引価格情報,13108,東京都,江東区,亀戸,東大島,11.0,"46,000,000",３ＬＤＫ,70,2005年,ＲＣ,住宅,住宅,１種住居,60.0,300.0,2022年第1四半期,未改装,,"657,142"
中古マンション等,不動産取引価格情報,13108,東京都,江東区,亀戸,東大島,11.0,"62,000,000",,90,2005年,ＲＣ,住宅,住宅,１種住居,60.0,300.0,2022年第1四半期,未改装,,"688,888"
中古マンション等,不動産取引価格情報,13108,東京都,江東区,亀戸,東大島,9.0,"44,000,000",３ＬＤＫ,65,2009年,ＲＣ,住宅,住宅,準工業,60.0,300.0,2021年第4四半期,未改装,,"676,923"
中古マンション等,不動産取引価格情報,13108,東京都,江東区,亀戸,東大島,9.0,"58,000,000",４ＬＤＫ,85,2009年,ＲＣ,住宅,住宅,準工業,60.0,300.0,2021年第4四半期,,,"682,352"
中古マンション等,不動産取引価格情報,13108,東京都,江東区,亀戸,東大島,11.0,"59,000,000",３ＬＤＫ,80,2005年,ＲＣ,住宅,住宅,１種住居,60.0,300.0,2021年第4四半期,改装済み,,"737,500"
中古マンション等,不動産取引価格情報,13108,東京都,江東区,亀戸,東大島,11.0,"63,000,000",４ＬＤＫ,60,2001年,ＳＲＣ,住宅,住宅,準工業,60.0,400.0,2021年第4四半期,未改装,,"1,050,000"
中古マンション等,不動産取引価格情報,13108,東京都,江東区,亀戸,東大島,9.0,"49,000,000",３ＬＤＫ,70,2009年,ＲＣ,住宅,住宅,準工業,60.0,300.0,2021年第3四半期,未改装,,"700,000"
中古マンション等,不動産取引価格情報,13108,東京都,江東区,亀戸,東大島,11.0,"45,000,000",３ＬＤＫ,80,2005年,ＲＣ,住宅,住宅,１種住居,60.0,300.0,2021年第3四半期,未改装,,"562,500"
中古マンション等,不動産取引価格情報,13108,東京都,江東区,亀戸,東大島,13.0,"25,000,000",１ＬＤＫ,40,1985年,ＳＲＣ,住宅,住宅,商業,80.0,500.0,2021年第3四半期,改装済み,,"625,000"
中古マンション等,不動産取引価格情報,13108,東京都,江東区,亀戸,東大島,11.0,"44,000,000",３ＬＤＫ,85,2003年,ＳＲＣ,住宅,住宅,準工業,60.0,300.0,2021年第2四半期,未改装,,"517,647"
中古マンション等,不動産取引価格情報,13108,東京都,江東区,亀戸,東大島,11.0,"48,000,000",３ＬＤＫ,70,2005年,ＲＣ,住宅,住宅,１種住居,60.0,300.0,2021年第1四半期,改装済み,,"685,714"
中古マンション等,不動産取引価格情報,13108,東京都,江東区,亀戸,東大島,9.0,"32,000,000",３ＬＤＫ,70,2009年,ＲＣ,住宅,,準工業,60.0,300.0,2021年第1四半期,未改装,,"457,142"
中古マンション等,不動産取引価格情報,13108,東京都,江東区,亀戸,東大島,15.0,"24,000,000",３ＬＤＫ,65,1980年,ＳＲＣ,住宅,住宅,準工業,60.0,300.0,2021年第1四半期,未改装,,"369,230"
中古マンション等,不動産取引価格情報,13108,東京都,江東区,亀戸,東大島,9.0,"45,000,000",３ＬＤＫ,70,2009年,ＲＣ,住宅,住宅,準工業,60.0,300.0,2021年第1四半期,未改装,,"642,857"
中古マンション等,不動産取引価格情報,13108,東京都,江東区,亀戸,東大島,9.0,"53,000,000",４ＬＤＫ,90,2009年,ＲＣ,住宅,住宅,準工業,60.0,300.0,2020年第4四半期,未改装,,"588,888"
中古マンション等,不動産取引価格情報,13108,東京都,江東区,亀戸,東大島,15.0,"35,000,000",３ＬＤＫ,60,1980年,ＳＲＣ,住宅,住宅,準工業,60.0,300.0,2020年第4四半期,改装済み,,"583,333"
中古マンション等,不動産取引価格情報,13108,東京都,江東区,亀戸,東大島,11.0,"41,000,000",３ＬＤＫ,70,2005年,ＲＣ,住宅,住宅,１種住居,60.0,300.0,2020年第4四半期,未改装,,"585,714"
中古マンション等,不動産取引価格情報,13108,東京都,江東区,亀戸,東大島,12.0,"36,000,000",２ＬＤＫ,60,2009年,ＲＣ,住宅,住宅,準工業,60.0,300.0,2020年第4四半期,改装済み,,"600,000"
中古マンション等,不動産取引価格情報,13108,東京都,江東区,亀戸,東大島,12.0,"22,000,000",１Ｋ,25,2008年,ＳＲＣ,住宅,住宅,商業,80.0,500.0,2020年第3四半期,未改装,,"880,000"
中古マンション等,不動産取引価格情報,13108,東京都,江東区,亀戸,東大島,11.0,"42,000,000",３ＬＤＫ,75,2005年,ＲＣ,住宅,住宅,１種住居,60.0,300.0,2020年第3四半期,未改装,,"560,000"
中古マンション等,不動産取引価格情報,13108,東京都,江東区,亀戸,東大島,15.0,"29,000,000",３ＬＤＫ,70,1980年,ＳＲＣ,住宅,住宅,準工業,60.0,300.0,2020年第3四半期,未改装,,"414,285"
中古マンション等,不動産取引価格情報,13108,東京都,江東区,東砂,東大島,14.0,"30,000,000",,25,2021年,ＲＣ,住宅,住宅,準工業,60.0,400.0,2024年第4四半期,未改装,,"1,200,000"
中古マンション等,不動産取引価格情報,13108,東京都,江東区,東砂,東大島,14.0,"30,000,000",１Ｋ,25,2021年,ＲＣ,住宅,その他,準工業,60.0,400.0,2024年第4四半期,未改装,,"1,200,000"
中古マンション等,不動産取引価格情報,13108,東京都,江東区,東砂,東大島,13.0,"27,000,000",１ＤＫ,25,2020年,ＲＣ,住宅,住宅,準工業,60.0,400.0,2024年第4四半期,未改装,,"1,080,000"
中古マンション等,不動産取引価格情報,13108,東京都,江東区,東砂,東大島,14.0,"30,000,000",,25,2021年,ＲＣ,,住宅,準工業,60.0,400.0,2024年第4四半期,未改装,,"1,200,000"
中古マンション等,不動産取引価格情報,13108,東京都,江東区,東砂,東大島,14.0,"27,000,000",１Ｋ,25,2021年,ＲＣ,住宅,その他,準工業,60.0,400.0,2024年第3四半期,,,"1,080,000"
中古マンション等,不動産取引価格情報,13108,東京都,江東区,東砂,東大島,13.0,"28,000,000",,25,2020年,ＲＣ,住宅,その他,準工業,60.0,400.0,2024年第3四半期,未改装,,"1,120,000"
中古マンション等,不動産取引価格情報,13108,東京都,江東区,東砂,東大島,14.0,"29,000,000",１Ｋ,25,2021年,ＲＣ,住宅,住宅,準工業,60.0,400.0,2024年第3四半期,未改装,,"1,160,000"
中古マンション等,不動産取引価格情報,13108,東京都,江東区,東砂,東大島,14.0,"28,000,000",１Ｋ,25,2021年,ＲＣ,住宅,住宅,準工業,60.0,400.0,2024年第3四半期,未改装,,"1,120,000"
中古マンション等,不動産取引価格情報,13108,東京都,江東区,東砂,東大島,11.0,"13,000,000",３ＬＤＫ,60,1982年,ＳＲＣ,住宅,住宅,準工業,60.0,400.0,2024年第3四半期,改装済み,,"216,666"
中古マンション等,不動産取引価格情報,13108,東京都,江東区,東砂,東大島,14.0,"31,000,000",２Ｋ,25,2021年,ＲＣ,住宅,住宅,準工業,60.0,400.0,2024年第3四半期,未改装,,"1,240,000"
中古マンション等,不動産取引価格情報,13108,東京都,江東区,東砂,東大島,8.0,"10,000,000",３ＬＤＫ,60,1987年,ＳＲＣ,住宅,住宅,準工業,60.0,400.0,2024年第3四半期,未改装,,"166,666"
中古マンション等,不動産取引価格情報,13108,東京都,江東区,東砂,東大島,10.0,"28,000,000",１Ｋ,25,2015年,ＲＣ,住宅,住宅,１種住居,60.0,300.0,2024年第2四半期,未改装,,"1,120,000"
中古マンション等,不動産取引価格情報,13108,東京都,江東区,東砂,東大島,14.0,"32,000,000",３ＬＤＫ,75,1982年,ＳＲＣ,住宅,住宅,準工業,60.0,300.0,2024年第2四半期,改装済み,,"426,666"
中古マンション等,不動産取引価格情報,13108,東京都,江東区,東砂,東大島,8.0,"40,000,000",２ＬＤＫ,60,1987年,ＳＲＣ,住宅,住宅,準工業,60.0,400.0,2024年第2四半期,改装済み,,"666,666"
中古マンション等,不動産取引価格情報,13108,東京都,江東区,東砂,東大島,15.0,"40,000,000",３ＬＤＫ,70,1999年,ＳＲＣ,,住宅,準工業,60.0,400.0,2024年第2四半期,未改装,,"571,428"
中古マンション等,不動産取引価格情報,13108,東京都,江東区,東砂,東大島,14.0,"31,000,000",１Ｋ,25,2021年,ＲＣ,住宅,住宅,準工業,60.0,400.0,2024年第2四半期,未改装,,"1,240,000"
中古マンション等,不動産取引価格情報,13108,東京都,江東区,東砂,東大島,11.0,"29,000,000",３ＬＤＫ,60,1982年,ＳＲＣ,住宅,住宅,準工業,60.0,400.0,2024年第1四半期,未改装,,"483,333"
中古マンション等,不動産取引価格情報,13108,東京都,江東区,東砂,東大島,13.0,"50,000,000",４ＬＤＫ,80,2003年,ＲＣ,住宅,住宅,準工業,60.0,300.0,2023年第4四半期,改装済み,,"625,000"
中古マンション等,不動産取引価格情報,13108,東京都,江東区,東砂,東大島,10.0,"27,000,000",１Ｋ,25,2015年,ＲＣ,住宅,住宅,１種住居,60.0,300.0,2023年第4四半期,未改装,,"1,080,000"
中古マンション等,不動産取引価格情報,13108,東京都,江東区,東砂,東大島,15.0,"41,000,000",３ＬＤＫ,70,2010年,ＳＲＣ,,住宅,準工業,60.0,400.0,2023年第4四半期,未改装,,"585,714"
中古マンション等,不動産取引価格情報,13108,東京都,江東区,東砂,東大島,10.0,"27,000,000",１Ｋ,25,2015年,ＲＣ,住宅,住宅,１種住居,60.0,300.0,2023年第4四半期,未改装,,"1,080,000"
中古マンション等,不動産取引価格情報,13108,東京都,江東区,東砂,東大島,14.0,"51,000,000",３ＬＤＫ,70,2009年,ＲＣ,住宅,住宅,準工業,60.0,400.0,2023年第3四半期,未改装,,"728,571"
中古マンション等,不動産取引価格情報,13108,東京都,江東区,東砂,東大島,8.0,"40,000,000",３ＬＤＫ,70,1987年,ＳＲＣ,住宅,住宅,準工業,60.0,400.0,2023年第3四半期,改装済み,,"571,428"
中古マンション等,不動産取引価格情報,13108,東京都,江東区,東砂,東大島,16.0,"37,000,000",２ＬＤＫ,65,2008年,ＲＣ,住宅,住宅,準工業,60.0,300.0,2023年第3四半期,改装済み,,"569,230"
中古マンション等,不動産取引価格情報,13108,東京都,江東区,東砂,東大島,21.0,"26,000,000",３ＬＤＫ,70,1999年,ＲＣ,住宅,住宅,準工業,60.0,300.0,2023年第3四半期,未改装,,"371,428"
中古マンション等,不動産取引価格情報,13108,東京都,江東区,東砂,東大島,19.0,"26,000,000",２ＬＤＫ,55,1996年,ＲＣ,住宅,住宅,準工業,60.0,300.0,2023年第3四半期,未改装,,"472,727"
中古マンション等,不動産取引価格情報,13108,東京都,江東区,東砂,東大島,8.0,"28,000,000",３ＤＫ,60,1987年,ＳＲＣ,住宅,住宅,準工業,60.0,400.0,2023年第2四半期,未改装,,"466,666"
中古マンション等,不動産取引価格情報,13108,東京都,江東区,東砂,東大島,10.0,"28,000,000",１Ｋ,25,2015年,ＲＣ,住宅,住宅,１種住居,60.0,300.0,2023年第2四半期,未改装,,"1,120,000"
中古マンション等,不動産取引価格情報,13108,東京都,江東区,東砂,東大島,10.0,"26,000,000",１Ｋ,25,2015年,ＲＣ,住宅,住宅,１種住居,60.0,300.0,2023年第2四半期,未改装,,"1,040,000"
中古マンション等,不動産取引価格情報,13108,東京都,江東区,東砂,東大島,14.0,"43,000,000",２ＬＤＫ,60,2009年,ＲＣ,住宅,住宅,準工業,60.0,400.0,2023年第1四半期,改装済み,,"716,666"
中古マンション等,不動産取引価格情報,13108,東京都,江東区,東砂,東大島,9.0,"45,000,000",３ＬＤＫ,75,1987年,ＳＲＣ,住宅,住宅,準工業,60.0,400.0,2023年第1四半期,改装済み,,"600,000"
中古マンション等,不動産取引価格情報,13108,東京都,江東区,東砂,東大島,18.0,"35,000,000",３ＬＤＫ,70,2005年,ＲＣ,住宅,住宅,準工業,60.0,400.0,2023年第1四半期,未改装,,"500,000"
中古マンション等,不動産取引価格情報,13108,東京都,江東区,東砂,東大島,15.0,"44,000,000",２ＬＤＫ,70,2010年,ＳＲＣ,住宅,住宅,準工業,60.0,400.0,2022年第4四半期,未改装,,"628,571"
中古マンション等,不動産取引価格情報,13108,東京都,江東区,東砂,東大島,15.0,"46,000,000",２ＬＤＫ,70,2010年,ＳＲＣ,住宅,住宅,準工業,60.0,400.0,2022年第4四半期,未改装,,"657,142"
中古マンション等,不動産取引価格情報,13108,東京都,江東区,東砂,東大島,10.0,"28,000,000",１Ｋ,25,2015年,ＲＣ,住宅,住宅,１種住居,60.0,300.0,2022年第4四半期,改装済み,,"1,120,000"
中古マンション等,不動産取引価格情報,13108,東京都,江東区,東砂,東大島,10.0,"26,000,000",１Ｋ,25,2015年,ＲＣ,住宅,住宅,１種住居,60.0,300.0,2022年第3四半期,未改装,,"1,040,000"
中古マンション等,不動産取引価格情報,13108,東京都,江東区,東砂,東大島,15.0,"31,000,000",３ＬＤＫ,65,1982年,ＳＲＣ,住宅,住宅,準工業,60.0,300.0,2022年第2四半期,改装済み,,"476,923"
中古マンション等,不動産取引価格情報,13108,東京都,江東区,東砂,東大島,9.0,"52,000,000",３ＬＤＫ,65,2015年,ＲＣ,住宅,住宅,１種住居,60.0,400.0,2022年第2四半期,未改装,,"800,000"
中古マンション等,不動産取引価格情報,13108,東京都,江東区,東砂,東大島,10.0,"26,000,000",１Ｋ,25,2015年,ＲＣ,住宅,住宅,１種住居,60.0,300.0,2022年第2四半期,,,"1,040,000"
中古マンション等,不動産取引価格情報,13108,東京都,江東区,東砂,東大島,11.0,"32,000,000",２ＬＤＫ,50,1982年,ＳＲＣ,住宅,住宅,準工業,60.0,400.0,2022年第2四半期,改装済み,,"640,000"
中古マンション等,不動産取引価格情報,13108,東京都,江東区,東砂,東大島,10.0,"25,000,000",１Ｋ,25,2015年,ＲＣ,住宅,住宅,１種住居,60.0,300.0,2022年第2四半期,未改装,,"1,000,000"
中古マンション等,不動産取引価格情報,13108,東京都,江東区,東砂,東大島,9.0,"50,000,000",３ＬＤＫ,60,2015年,ＲＣ,住宅,住宅,１種住居,60.0,400.0,2022年第2四半期,未改装,,"833,333"
中古マンション等,不動産取引価格情報,13108,東京都,江東区,東砂,東大島,13.0,"34,000,000",３ＬＤＫ,70,2003年,ＲＣ,住宅,住宅,準工業,60.0,300.0,2022年第2四半期,未改装,,"485,714"
中古マンション等,不動産取引価格情報,13108,東京都,江東区,東砂,東大島,10.0,"24,000,000",１ＬＤＫ,25,2015年,ＲＣ,住宅,その他,１種住居,60.0,300.0,2022年第1四半期,未改装,,"960,000"
中古マンション等,不動産取引価格情報,13108,東京都,江東区,東砂,東大島,10.0,"25,000,000",１Ｋ,25,2015年,ＲＣ,住宅,住宅,１種住居,60.0,300.0,2022年第1四半期,未改装,,"1,000,000"
中古マンション等,不動産取引価格情報,13108,東京都,江東区,東砂,東大島,14.0,"42,000,000",２ＬＤＫ,55,2009年,ＲＣ,住宅,住宅,準工業,60.0,400.0,2022年第1四半期,未改装,,"763,636"
中古マンション等,不動産取引価格情報,13108,東京都,江東区,東砂,東大島,21.0,"21,000,000",３ＬＤＫ,65,1999年,ＲＣ,住宅,その他,準工業,60.0,200.0,2022年第1四半期,未改装,,"323,076"
中古マンション等,不動産取引価格情報,13108,東京都,江東区,東砂,東大島,17.0,"38,000,000",３ＬＤＫ,65,2005年,ＲＣ,住宅,住宅,準工業,60.0,400.0,2022年第1四半期,未改装,,"584,615"
中古マンション等,不動産取引価格情報,13108,東京都,江東区,東砂,東大島,10.0,"24,000,000",１Ｋ,25,2015年,ＲＣ,住宅,住宅,１種住居,60.0,300.0,2022年第1四半期,未改装,,"960,000"
中古マンション等,不動産取引価格情報,13108,東京都,江東区,東砂,東大島,11.0,"28,000,000",３ＬＤＫ,60,1982年,ＳＲＣ,住宅,住宅,準工業,60.0,400.0,2021年第4四半期,未改装,,"466,666"
中古マンション等,不動産取引価格情報,13108,東京都,江東区,東砂,東大島,15.0,"22,000,000",３ＬＤＫ,65,1982年,ＳＲＣ,住宅,住宅,準工業,60.0,300.0,2021年第4四半期,未改装,,"338,461"
中古マンション等,不動産取引価格情報,13108,東京都,江東区,東砂,東大島,10.0,"25,000,000",１Ｋ,25,2015年,ＲＣ,住宅,住宅,１種住居,60.0,300.0,2021年第3四半期,改装済み,,"1,000,000"
中古マンション等,不動産取引価格情報,13108,東京都,江東区,東砂,東大島,9.0,"44,000,000",３ＬＤＫ,60,2015年,ＲＣ,住宅,住宅,１種住居,60.0,400.0,2021年第3四半期,未改装,,"733,333"
中古マンション等,不動産取引価格情報,13108,東京都,江東区,東砂,東大島,15.0,"40,000,000",３ＬＤＫ,85,1982年,ＳＲＣ,住宅,住宅,準工業,60.0,300.0,2021年第3四半期,未改装,,"470,588"
中古マンション等,不動産取引価格情報,13108,東京都,江東区,東砂,東大島,13.0,"40,000,000",３ＬＤＫ,85,2003年,ＲＣ,住宅,住宅,準工業,60.0,300.0,2021年第3四半期,未改装,,"470,588"
中古マンション等,不動産取引価格情報,13108,東京都,江東区,東砂,東大島,10.0,"23,000,000",１Ｋ,25,2015年,ＲＣ,住宅,その他,１種住居,60.0,300.0,2021年第2四半期,,,"920,000"
中古マンション等,不動産取引価格情報,13108,東京都,江東区,東砂,東大島,9.0,"39,000,000",３ＬＤＫ,80,1987年,ＳＲＣ,住宅,住宅,準工業,60.0,400.0,2021年第2四半期,改装済み,,"487,500"
中古マンション等,不動産取引価格情報,13108,東京都,江東区,東砂,東大島,21.0,"31,000,000",３ＬＤＫ,75,1999年,ＲＣ,住宅,住宅,準工業,60.0,200.0,2021年第2四半期,未改装,,"413,333"
中古マンション等,不動産取引価格情報,13108,東京都,江東区,東砂,東大島,13.0,"35,000,000",３ＬＤＫ,70,2003年,ＲＣ,住宅,住宅,準工業,60.0,300.0,2021年第1四半期,改装済み,,"500,000"
中古マンション等,不動産取引価格情報,13108,東京都,江東区,東砂,東大島,11.0,"19,000,000",２ＤＫ,60,1982年,ＳＲＣ,住宅,住宅,準工業,60.0,400.0,2021年第1四半期,改装済み,,"316,666"
中古マンション等,不動産取引価格情報,13108,東京都,江東区,東砂,東大島,11.0,"23,000,000",３ＬＤＫ,50,1982年,ＳＲＣ,住宅,住宅,準工業,60.0,400.0,2021年第1四半期,未改装,,"460,000"
中古マンション等,不動産取引価格情報,13108,東京都,江東区,東砂,東大島,11.0,"23,000,000",２ＬＤＫ,40,1982年,ＳＲＣ,,住宅,準工業,60.0,400.0,2021年第1四半期,未改装,,"575,000"
中古マンション等,不動産取引価格情報,13108,東京都,江東区,東砂,東大島,11.0,"32,000,000",３ＬＤＫ,55,1982年,ＳＲＣ,住宅,住宅,準工業,60.0,400.0,2020年第4四半期,改装済み,,"581,818"
中古マンション等,不動産取引価格情報,13108,東京都,江東区,東砂,東大島,11.0,"16,000,000",３ＬＤＫ,60,1982年,ＳＲＣ,住宅,住宅,準工業,60.0,400.0,2020年第4四半期,未改装,,"266,666"
中古マンション等,不動産取引価格情報,13108,東京都,江東区,東砂,東大島,9.0,"41,000,000",２ＬＤＫ,50,2015年,ＲＣ,住宅,住宅,１種住居,60.0,400.0,2020年第4四半期,未改装,,"820,000"
中古マンション等,不動産取引価格情報,13108,東京都,江東区,東砂,東大島,14.0,"35,000,000",３ＬＤＫ,80,1982年,ＲＣ,住宅,住宅,準工業,60.0,300.0,2020年第4四半期,改装済み,,"437,500"
中古マンション等,不動産取引価格情報,13108,東京都,江東区,東砂,東大島,10.0,"25,000,000",１Ｋ,25,2015年,ＲＣ,住宅,住宅,１種住居,60.0,300.0,2020年第3四半期,未改装,,"1,000,000"
中古マンション等,不動産取引価格情報,13108,東京都,江東区,東砂,東大島,11.0,"34,000,000",３ＬＤＫ,60,1982年,ＳＲＣ,住宅,住宅,準工業,60.0,400.0,2020年第3四半期,改装済み,,"566,666"
中古マンション等,不動産取引価格情報,13108,東京都,江東区,東砂,東大島,14.0,"30,000,000",３ＬＤＫ,70,1982年,ＳＲＣ,住宅,住宅,準工業,60.0,300.0,2020年第3四半期,改装済み,,"428,571"
中古マンション等,不動産取引価格情報,13108,東京都,江東区,東砂,東大島,14.0,"25,000,000",３ＬＤＫ,75,1982年,ＳＲＣ,住宅,住宅,準工業,60.0,300.0,2020年第2四半期,改装済み,,"333,333"
中古マンション等,不動産取引価格情報,13108,東京都,江東区,東砂,東大島,9.0,"32,000,000",３ＬＤＫ,60,1987年,ＳＲＣ,住宅,住宅,準工業,60.0,400.0,2020年第2四半期,改装済み,,"533,333"
中古マンション等,不動産取引価格情報,13108,東京都,江東区,東砂,東大島,15.0,"13,000,000",,65,1982年,ＲＣ,住宅,住宅,準工業,60.0,300.0,2020年第2四半期,,,"200,000"
中古マンション等,不動産取引価格情報,13108,東京都,江東区,東砂,東大島,14.0,"38,000,000",３ＬＤＫ,65,2009年,ＲＣ,,住宅,準工業,60.0,400.0,2020年第2四半期,未改装,,"584,615"
中古マンション等,不動産取引価格情報,13108,東京都,江東区,東砂,東大島,15.0,"24,000,000",３ＬＤＫ,65,1999年,ＳＲＣ,住宅,住宅,準工業,60.0,400.0,2020年第2四半期,未改装,,"369,230"
中古マンション等,成約価格情報,13123,東京都,江戸川区,小松川,東大島,9.0,"62,000,000",３ＬＤＫ,85,2008年,ＲＣ,,,１種住居,,,2021年第1四半期,,,"729,411"
中古マンション等,成約価格情報,13123,東京都,江戸川区,小松川,東大島,9.0,"44,000,000",３ＬＤＫ,75,2008年,ＲＣ,,,１種住居,,,2021年第1四半期,,,"586,666"
中古マンション等,成約価格情報,13123,東京都,江戸川区,小松川,東大島,2.0,"24,000,000",２ＤＫ,50,1989年,ＳＲＣ,,,１種住居,,,2021年第2四半期,,,"480,000"
中古マンション等,成約価格情報,13123,東京都,江戸川区,小松川,東大島,10.0,"32,000,000",３ＬＤＫ,65,1993年,ＳＲＣ,,,近隣商業,,,2021年第2四半期,改装済み,,"492,307"
中古マンション等,成約価格情報,13123,東京都,江戸川区,小松川,東大島,10.0,"33,000,000",３ＬＤＫ,90,1994年,ＲＣ,,,準工業,,,2021年第2四半期,,,"366,666"
中古マンション等,成約価格情報,13123,東京都,江戸川区,小松川,東大島,1.0,"28,000,000",１ＬＤＫ＋Ｓ,55,1988年,ＳＲＣ,,,１種住居,,,2021年第3四半期,,,"509,090"
中古マンション等,成約価格情報,13123,東京都,江戸川区,小松川,東大島,9.0,"58,000,000",３ＬＤＫ,85,2008年,ＲＣ,,,準工業,,,2021年第4四半期,,,"682,352"
中古マンション等,成約価格情報,13123,東京都,江戸川区,小松川,東大島,10.0,"37,000,000",３ＬＤＫ,80,1993年,ＲＣ,,,１種住居,,,2022年第1四半期,,,"462,500"
中古マンション等,成約価格情報,13123,東京都,江戸川区,小松川,東大島,14.0,"36,000,000",３ＬＤＫ,80,1997年,ＳＲＣ,,,１種住居,,,2022年第1四半期,,,"450,000"
中古マンション等,成約価格情報,13123,東京都,江戸川区,小松川,東大島,14.0,"25,000,000",２ＬＤＫ,60,1997年,ＳＲＣ,,,１種住居,,,2022年第1四半期,,,"416,666"
中古マンション等,成約価格情報,13123,東京都,江戸川区,小松川,東大島,9.0,"51,000,000",３ＬＤＫ,75,2008年,ＲＣ,,,準工業,,,2022年第1四半期,,,"680,000"
中古マンション等,成約価格情報,13123,東京都,江戸川区,小松川,東大島,15.0,"29,000,000",２ＬＤＫ,70,1996年,ＳＲＣ,,,１種住居,,,2022年第2四半期,,,"414,285"
中古マンション等,成約価格情報,13123,東京都,江戸川区,小松川,東大島,15.0,"36,000,000",３ＬＤＫ,75,1996年,ＳＲＣ,,,１種住居,,,2022年第2四半期,,,"480,000"
中古マンション等,成約価格情報,13123,東京都,江戸川区,小松川,東大島,10.0,"27,000,000",１ＬＤＫ,60,1993年,ＳＲＣ,,,,,,2022年第2四半期,,,"450,000"
中古マンション等,成約価格情報,13123,東京都,江戸川区,小松川,東大島,12.0,"37,000,000",３ＬＤＫ,80,1997年,ＳＲＣ,,,１種住居,,,2022年第3四半期,,,"462,500"
中古マンション等,成約価格情報,13123,東京都,江戸川区,小松川,東大島,3.0,"30,000,000",１ＬＤＫ,55,1989年,ＲＣ,,,１種住居,,,2022年第3四半期,,,"545,454"
中古マンション等,成約価格情報,13123,東京都,江戸川区,小松川,東大島,2.0,"33,000,000",４ＬＤＫ,90,1989年,ＲＣ,,,１種住居,,,2022年第3四半期,,,"366,666"
中古マンション等,成約価格情報,13123,東京都,江戸川区,船堀,東大島,15.0,"31,000,000",３ＬＤＫ,75,1980年,ＳＲＣ,,,準工業,,,2022年第3四半期,,,"413,333"
中古マンション等,成約価格情報,13123,東京都,江戸川区,小松川,東大島,10.0,"32,000,000",２ＬＤＫ,65,1993年,ＲＣ,,,１種住居,,,2022年第4四半期,,,"492,307"
中古マンション等,成約価格情報,13123,東京都,江戸川区,小松川,東大島,11.0,"25,000,000",２ＤＫ,55,1986年,ＳＲＣ,,,近隣商業,,,2022年第4四半期,,,"454,545"
中古マンション等,成約価格情報,13123,東京都,江戸川区,小松川,東大島,11.0,"31,000,000",３ＬＤＫ,75,1994年,ＲＣ,,,１種住居,,,2023年第1四半期,,,"413,333"
中古マンション等,成約価格情報,13123,東京都,江戸川区,小松川,東大島,1.0,"39,000,000",３ＬＤＫ,65,1988年,ＳＲＣ,,,,,,2023年第1四半期,,,"600,000"
中古マンション等,成約価格情報,13123,東京都,江戸川区,小松川,東大島,13.0,"53,000,000",４ＬＤＫ,95,1997年,ＲＣ,,,１種住居,,,2023年第1四半期,,,"557,894"
中古マンション等,成約価格情報,13123,東京都,江戸川区,小松川,東大島,2.0,"45,000,000",３ＬＤＫ,115,1989年,ＳＲＣ,,,１種住居,,,2023年第1四半期,,,"391,304"
中古マンション等,成約価格情報,13123,東京都,江戸川区,小松川,東大島,1.0,"36,000,000",４ＬＤＫ,90,1989年,ＲＣ,,,１種住居,,,2023年第2四半期,,,"400,000"
中古マンション等,成約価格情報,13123,東京都,江戸川区,小松川,東大島,17.0,"60,000,000",３ＬＤＫ,75,2022年,ＲＣ,,,１種住居,,,2023年第2四半期,,,"800,000"
中古マンション等,成約価格情報,13123,東京都,江戸川区,小松川,東大島,12.0,"59,000,000",３ＬＤＫ,85,2008年,ＲＣ,,,１種住居,,,2023年第2四半期,,,"694,117"
中古マンション等,成約価格情報,13123,東京都,江戸川区,小松川,東大島,9.0,"53,000,000",３ＬＤＫ,75,2008年,ＲＣ,,,１種住居,,,2023年第2四半期,,,"706,666"
中古マンション等,成約価格情報,13123,東京都,江戸川区,小松川,東大島,2.0,"38,000,000",３ＬＤＫ,85,1989年,ＲＣ,,,１種住居,,,2023年第2四半期,,,"447,058"
中古マンション等,成約価格情報,13123,東京都,江戸川区,小松川,東大島,15.0,"35,000,000",３ＬＤＫ,75,1996年,ＳＲＣ,,,１種住居,,,2023年第3四半期,,,"466,666"
中古マンション等,成約価格情報,13123,東京都,江戸川区,小松川,東大島,3.0,"50,000,000",２ＬＤＫ,85,1989年,ＳＲＣ,,,１種住居,,,2023年第3四半期,,,"588,235"
中古マンション等,成約価格情報,13123,東京都,江戸川区,小松川,東大島,9.0,"54,000,000",３ＬＤＫ,75,2008年,ＲＣ,,,,,,2023年第3四半期,,,"720,000"
中古マンション等,成約価格情報,13123,東京都,江戸川区,小松川,東大島,1.0,"50,000,000",４ＬＤＫ＋Ｓ,95,1988年,ＳＲＣ,,,１種住居,,,2023年第4四半期,,,"526,315"
中古マンション等,成約価格情報,13123,東京都,江戸川区,小松川,東大島,9.0,"26,000,000",２ＤＫ,55,1994年,ＳＲＣ,,,１種住居,,,2024年第1四半期,,,"472,727"
中古マンション等,成約価格情報,13123,東京都,江戸川区,小松川,東大島,3.0,"36,000,000",３ＬＤＫ,75,1989年,ＳＲＣ,,,,,,2024年第1四半期,,,"480,000"
中古マンション等,成約価格情報,13123,東京都,江戸川区,小松川,東大島,3.0,"36,000,000",３ＬＤＫ,75,1989年,ＳＲＣ,,,,,,2024年第1四半期,,,"480,000"
中古マンション等,成約価格情報,13123,東京都,江戸川区,小松川,東大島,10.0,"56,000,000",３ＬＤＫ,85,2008年,ＲＣ,,,１種住居,,,2024年第2四半期,,,"658,823"
中古マンション等,成約価格情報,13123,東京都,江戸川区,小松川,東大島,12.0,"51,000,000",３ＬＤＫ,70,2008年,ＲＣ,,,１低住専,,,2024年第2四半期,,,"728,571"
中古マンション等,成約価格情報,13123,東京都,江戸川区,小松川,東大島,13.0,"55,000,000",５ＬＤＫ,125,1997年,ＳＲＣ,,,１種住居,,,2024年第3四半期,,,"440,000"
中古マンション等,成約価格情報,13123,東京都,江戸川区,小松川,東大島,13.0,"58,000,000",３ＬＤＫ,115,1997年,ＳＲＣ,,,,,,2024年第4四半期,,,"504,347"
中古マンション等,成約価格情報,13123,東京都,江戸川区,小松川,東大島,12.0,"49,000,000",３ＬＤＫ,70,2008年,ＲＣ,,,１種住居,,,2024年第4四半期,,,"700,000"
中古マンション等,成約価格情報,13123,東京都,江戸川区,小松川,東大島,9.0,"60,000,000",３ＬＤＫ,75,2008年,ＲＣ,,,１種住居,,,2024年第4四半期,,,"800,000"
中古マンション等,不動産取引価格情報,13123,東京都,江戸川区,小松川,東大島,14.0,"59,000,000",４ＬＤＫ,90,1997年,ＳＲＣ,住宅,住宅,準工業,60.0,400.0,2024年第4四半期,改装済み,,"655,555"
中古マンション等,不動産取引価格情報,13123,東京都,江戸川区,小松川,東大島,12.0,"19,000,000",オープンフロア,45,,ＳＲＣ,店舗,店舗,近隣商業,80.0,300.0,2024年第3四半期,未改装,,"422,222"
中古マンション等,不動産取引価格情報,13123,東京都,江戸川区,小松川,東大島,16.0,"28,000,000",３ＬＤＫ,60,1996年,ＳＲＣ,住宅,,１種住居,60.0,300.0,2024年第3四半期,未改装,,"466,666"
中古マンション等,不動産取引価格情報,13123,東京都,江戸川区,小松川,東大島,13.0,"28,000,000",２ＤＫ,50,,ＳＲＣ,住宅,住宅,近隣商業,80.0,300.0,2024年第2四半期,未改装,,"560,000"
中古マンション等,不動産取引価格情報,13123,東京都,江戸川区,小松川,東大島,14.0,"39,000,000",４ＬＤＫ,90,1997年,ＳＲＣ,住宅,住宅,準工業,60.0,400.0,2024年第2四半期,未改装,,"433,333"
中古マンション等,不動産取引価格情報,13123,東京都,江戸川区,小松川,東大島,10.0,"50,000,000",３ＬＤＫ,70,2008年,ＲＣ,住宅,住宅,１種住居,60.0,300.0,2024年第2四半期,未改装,,"714,285"
中古マンション等,不動産取引価格情報,13123,東京都,江戸川区,小松川,東大島,1.0,"48,000,000",３ＬＤＫ,70,1988年,ＳＲＣ,住宅,住宅,１種住居,60.0,400.0,2024年第2四半期,改装済み,,"685,714"
中古マンション等,不動産取引価格情報,13123,東京都,江戸川区,小松川,東大島,15.0,"28,000,000",２ＬＤＫ,65,,,,住宅,近隣商業,80.0,300.0,2024年第1四半期,未改装,,"430,769"
中古マンション等,不動産取引価格情報,13123,東京都,江戸川区,小松川,東大島,12.0,"42,000,000",２ＬＤＫ＋Ｓ,60,1994年,ＳＲＣ,住宅,住宅,１種住居,60.0,300.0,2024年第1四半期,改装済み,,"700,000"
中古マンション等,不動産取引価格情報,13123,東京都,江戸川区,小松川,東大島,12.0,"53,000,000",３ＬＤＫ,75,1994年,ＳＲＣ,住宅,住宅,１種住居,60.0,300.0,2024年第1四半期,改装済み,,"706,666"
中古マンション等,不動産取引価格情報,13123,東京都,江戸川区,小松川,東大島,12.0,"35,000,000",３ＬＤＫ,75,1994年,ＳＲＣ,住宅,住宅,工業,60.0,200.0,2023年第4四半期,,,"466,666"
中古マンション等,不動産取引価格情報,13123,東京都,江戸川区,小松川,東大島,2.0,"17,000,000",２ＤＫ,45,1989年,ＳＲＣ,住宅,住宅,１種住居,60.0,400.0,2023年第4四半期,未改装,,"377,777"
中古マンション等,不動産取引価格情報,13123,東京都,江戸川区,小松川,東大島,14.0,"38,000,000",４ＬＤＫ,90,1997年,ＳＲＣ,住宅,住宅,準工業,60.0,400.0,2023年第4四半期,未改装,,"422,222"
中古マンション等,不動産取引価格情報,13123,東京都,江戸川区,小松川,東大島,1.0,"38,000,000",２ＬＤＫ,60,1988年,ＳＲＣ,住宅,住宅,１種住居,60.0,400.0,2023年第3四半期,改装済み,,"633,333"
中古マンション等,不動産取引価格情報,13123,東京都,江戸川区,小松川,東大島,10.0,"27,000,000",２ＬＤＫ,60,1994年,ＳＲＣ,住宅,住宅,１種住居,60.0,300.0,2023年第3四半期,未改装,,"450,000"
中古マンション等,不動産取引価格情報,13123,東京都,江戸川区,小松川,東大島,1.0,"26,000,000",オープンフロア,45,1988年,ＲＣ,,店舗,１種住居,60.0,400.0,2023年第2四半期,未改装,,"577,777"
中古マンション等,不動産取引価格情報,13123,東京都,江戸川区,小松川,東大島,1.0,"42,000,000",３ＬＤＫ,75,1989年,ＲＣ,住宅,住宅,１種住居,60.0,400.0,2023年第2四半期,改装済み,,"560,000"
中古マンション等,不動産取引価格情報,13123,東京都,江戸川区,小松川,東大島,2.0,"36,000,000",４ＬＤＫ,85,1989年,ＲＣ,,住宅,１種住居,60.0,400.0,2023年第2四半期,未改装,,"423,529"
中古マンション等,不動産取引価格情報,13123,東京都,江戸川区,小松川,東大島,1.0,"36,000,000",２ＬＤＫ＋Ｓ,60,1988年,ＳＲＣ,住宅,住宅,１種住居,60.0,400.0,2023年第1四半期,改装済み,,"600,000"
中古マンション等,不動産取引価格情報,13123,東京都,江戸川区,小松川,東大島,11.0,"40,000,000",３ＬＤＫ,65,1986年,ＳＲＣ,住宅,住宅,近隣商業,80.0,300.0,2023年第1四半期,改装済み,,"615,384"
中古マンション等,不動産取引価格情報,13123,東京都,江戸川区,小松川,東大島,14.0,"53,000,000",４ＬＤＫ,80,2001年,ＳＲＣ,住宅,住宅,１種住居,60.0,300.0,2023年第1四半期,改装済み,,"662,500"
中古マンション等,不動産取引価格情報,13123,東京都,江戸川区,小松川,東大島,14.0,"40,000,000",４ＬＤＫ,80,2001年,ＳＲＣ,住宅,住宅,１種住居,60.0,300.0,2023年第1四半期,未改装,,"500,000"
中古マンション等,不動産取引価格情報,13123,東京都,江戸川区,小松川,東大島,1.0,"30,000,000",,60,1988年,ＳＲＣ,,住宅,１種住居,60.0,400.0,2022年第4四半期,未改装,,"500,000"
中古マンション等,不動産取引価格情報,13123,東京都,江戸川区,小松川,東大島,2.0,"36,000,000",２ＬＤＫ,55,1989年,ＲＣ,住宅,住宅,１種住居,60.0,400.0,2022年第4四半期,改装済み,,"654,545"
中古マンション等,不動産取引価格情報,13123,東京都,江戸川区,小松川,東大島,1.0,"32,000,000",３ＬＤＫ,75,1989年,ＲＣ,住宅,住宅,１種住居,80.0,400.0,2022年第4四半期,改装済み,,"426,666"
中古マンション等,不動産取引価格情報,13123,東京都,江戸川区,小松川,東大島,10.0,"51,000,000",３ＬＤＫ,80,1993年,ＲＣ,住宅,住宅,１種住居,60.0,300.0,2022年第4四半期,改装済み,,"637,500"
中古マンション等,不動産取引価格情報,13123,東京都,江戸川区,小松川,東大島,14.0,"14,000,000",２ＬＤＫ,50,1993年,ＳＲＣ,,その他,準工業,60.0,300.0,2022年第2四半期,未改装,,"280,000"
中古マンション等,不動産取引価格情報,13123,東京都,江戸川区,小松川,東大島,13.0,"48,000,000",３ＬＤＫ,70,,,,住宅,１種住居,60.0,300.0,2022年第1四半期,改装済み,,"685,714"
中古マンション等,不動産取引価格情報,13123,東京都,江戸川区,小松川,東大島,14.0,"100,000,000",オープンフロア,150,1996年,ＲＣ,,事務所,準工業,60.0,300.0,2021年第4四半期,,,"666,666"
中古マンション等,不動産取引価格情報,13123,東京都,江戸川区,小松川,東大島,14.0,"32,000,000",４ＬＤＫ,100,1996年,ＲＣ,,住宅,準工業,60.0,300.0,2021年第4四半期,,,"320,000"
中古マンション等,不動産取引価格情報,13123,東京都,江戸川区,小松川,東大島,9.0,"40,000,000",４ＬＤＫ,80,1986年,ＲＣ,住宅,住宅,近隣商業,80.0,300.0,2021年第4四半期,改装済み,,"500,000"
中古マンション等,不動産取引価格情報,13123,東京都,江戸川区,小松川,東大島,2.0,"26,000,000",１ＤＫ,45,1989年,ＳＲＣ,住宅,住宅,１種住居,60.0,400.0,2021年第3四半期,未改装,,"577,777"
中古マンション等,不動産取引価格情報,13123,東京都,江戸川区,小松川,東大島,1.0,"28,000,000",１ＬＤＫ＋Ｓ,50,1988年,ＳＲＣ,住宅,住宅,１種住居,60.0,400.0,2021年第3四半期,未改装,,"560,000"
中古マンション等,不動産取引価格情報,13123,東京都,江戸川区,小松川,東大島,2.0,"37,000,000",３ＬＤＫ,80,1989年,ＳＲＣ,住宅,住宅,１種住居,60.0,400.0,2021年第3四半期,未改装,,"462,500"
中古マンション等,不動産取引価格情報,13123,東京都,江戸川区,小松川,東大島,14.0,"33,000,000",４ＬＤＫ,80,2001年,ＳＲＣ,住宅,住宅,１種住居,60.0,300.0,2021年第2四半期,未改装,,"412,500"
中古マンション等,不動産取引価格情報,13123,東京都,江戸川区,小松川,東大島,1.0,"40,000,000",３ＬＤＫ,65,1988年,ＳＲＣ,,住宅,１種住居,60.0,400.0,2021年第2四半期,改装済み,,"615,384"
中古マンション等,不動産取引価格情報,13123,東京都,江戸川区,小松川,東大島,1.0,"30,000,000",２ＤＫ,50,1988年,ＳＲＣ,住宅,住宅,１種住居,60.0,400.0,2021年第2四半期,改装済み,,"600,000"
中古マンション等,不動産取引価格情報,13123,東京都,江戸川区,小松川,東大島,10.0,"53,000,000",４ＬＤＫ,65,1994年,ＳＲＣ,,住宅,１種住居,60.0,300.0,2021年第1四半期,改装済み,,"815,384"
中古マンション等,不動産取引価格情報,13123,東京都,江戸川区,小松川,東大島,9.0,"24,000,000",４ＬＤＫ,80,1986年,ＲＣ,,住宅,近隣商業,80.0,300.0,2021年第1四半期,未改装,,"300,000"
中古マンション等,不動産取引価格情報,13123,東京都,江戸川区,小松川,東大島,11.0,"10,000,000",２ＤＫ,50,1986年,ＳＲＣ,住宅,その他,近隣商業,80.0,300.0,2020年第4四半期,未改装,,"200,000"
中古マンション等,不動産取引価格情報,13123,東京都,江戸川区,小松川,東大島,10.0,"43,000,000",,65,2008年,ＲＣ,住宅,住宅,１種住居,60.0,300.0,2020年第4四半期,未改装,,"661,538"
中古マンション等,不動産取引価格情報,13123,東京都,江戸川区,小松川,東大島,2.0,"48,000,000",４ＬＤＫ,100,1989年,ＲＣ,,住宅,１種住居,60.0,400.0,2020年第4四半期,改装済み,,"480,000"
中古マンション等,不動産取引価格情報,13123,東京都,江戸川区,小松川,東大島,10.0,"50,000,000",３ＬＤＫ,80,2008年,ＲＣ,住宅,,１種住居,60.0,300.0,2020年第4四半期,改装済み,,"625,000"
中古マンション等,不動産取引価格情報,13123,東京都,江戸川区,小松川,東大島,2.0,"38,000,000",３ＬＤＫ,75,1989年,ＲＣ,住宅,住宅,１種住居,60.0,400.0,2020年第4四半期,改装済み,,"506,666"
中古マンション等,不動産取引価格情報,13123,東京都,江戸川区,小松川,東大島,11.0,"24,000,000",２ＤＫ,50,1986年,ＳＲＣ,,住宅,近隣商業,80.0,300.0,2020年第4四半期,未改装,,"480,000"
中古マンション等,不動産取引価格情報,13123,東京都,江戸川区,小松川,東大島,1.0,"45,000,000",３ＬＤＫ,70,1988年,ＳＲＣ,,住宅,１種住居,60.0,400.0,2020年第4四半期,改装済み,,"642,857"
中古マンション等,不動産取引価格情報,13123,東京都,江戸川区,小松川,東大島,10.0,"21,000,000",２ＬＤＫ,50,1986年,ＳＲＣ,住宅,,近隣商業,80.0,300.0,2020年第3四半期,未改装,,"420,000"
